-- MySQL dump 10.13  Distrib 8.0.13, for Win64 (x86_64)
--
-- Host: 127.0.0.1    Database: tempbdd
-- ------------------------------------------------------
-- Server version	8.0.13

/*!40101 SET @OLD_CHARACTER_SET_CLIENT=@@CHARACTER_SET_CLIENT */;
/*!40101 SET @OLD_CHARACTER_SET_RESULTS=@@CHARACTER_SET_RESULTS */;
/*!40101 SET @OLD_COLLATION_CONNECTION=@@COLLATION_CONNECTION */;
 SET NAMES utf8 ;
/*!40103 SET @OLD_TIME_ZONE=@@TIME_ZONE */;
/*!40103 SET TIME_ZONE='+00:00' */;
/*!40014 SET @OLD_UNIQUE_CHECKS=@@UNIQUE_CHECKS, UNIQUE_CHECKS=0 */;
/*!40014 SET @OLD_FOREIGN_KEY_CHECKS=@@FOREIGN_KEY_CHECKS, FOREIGN_KEY_CHECKS=0 */;
/*!40101 SET @OLD_SQL_MODE=@@SQL_MODE, SQL_MODE='NO_AUTO_VALUE_ON_ZERO' */;
/*!40111 SET @OLD_SQL_NOTES=@@SQL_NOTES, SQL_NOTES=0 */;

--
-- Table structure for table `advice`
--

DROP TABLE IF EXISTS `advice`;
/*!40101 SET @saved_cs_client     = @@character_set_client */;
 SET character_set_client = utf8mb4 ;
CREATE TABLE `advice` (
  `id` bigint(20) NOT NULL,
  `date` datetime DEFAULT NULL,
  `description` varchar(255) DEFAULT NULL,
  `floor` varchar(255) DEFAULT NULL,
  `light` varchar(255) DEFAULT NULL,
  `outside_temperature` varchar(255) DEFAULT NULL,
  `room` varchar(255) DEFAULT NULL,
  `room_temperature` varchar(255) DEFAULT NULL,
  `type` varchar(255) DEFAULT NULL,
  `active` bit(1) DEFAULT NULL,
  PRIMARY KEY (`id`)
) ENGINE=MyISAM DEFAULT CHARSET=utf8mb4 COLLATE=utf8mb4_0900_ai_ci;
/*!40101 SET character_set_client = @saved_cs_client */;

--
-- Dumping data for table `advice`
--

LOCK TABLES `advice` WRITE;
/*!40000 ALTER TABLE `advice` DISABLE KEYS */;
INSERT INTO `advice` VALUES (1,'2012-06-18 00:00:00','Close the window of room to keep the room fresh','1','203','25','101','19','1',_binary ''),(2,'2012-06-18 00:00:00','Close the window to keep the room warm','1','203','19','102','25','1',_binary ''),(3,'2012-06-18 00:00:00','Temperature abnormally hot','1','203','19','102','25','2',_binary ''),(4,'2012-06-18 00:00:00','This room will be exposed to the sun today. To avoid this, please shut down the shutters.','1','203','26','106','12','4',_binary ''),(5,'2012-06-18 00:00:00','Warning, it seems that nobody is in the room and the light is on.','1','100','26','106','12','5',_binary ''),(6,'2012-06-18 00:00:00','Warning, it seems that nobody is in the room and the light is on.','1','150','26','107','12','5',_binary ''),(7,'2012-06-18 00:00:00','Temperature abnormally cold','1','150','10','102','22','2',_binary ''),(8,'2019-01-18 16:48:45','Warning it seems that nobody is in the room 201and the light is on',NULL,NULL,NULL,'201',NULL,'5',_binary ''),(9,'2019-01-18 16:48:48','Warning it seems that nobody is in the room 104and the light is on',NULL,NULL,NULL,'104',NULL,'5',_binary ''),(10,'2019-01-18 16:48:51','Warning it seems that nobody is in the room 105and the light is on',NULL,NULL,NULL,'105',NULL,'5',_binary ''),(11,'2019-01-18 16:48:54','Warning it seems that nobody is in the room 106and the light is on',NULL,NULL,NULL,'106',NULL,'5',_binary ''),(12,'2019-01-18 16:48:57','Warning it seems that nobody is in the room 107and the light is on',NULL,NULL,NULL,'107',NULL,'5',_binary ''),(13,'2019-01-18 16:49:50','Warning it seems that nobody is in the room 104 and the light is on',NULL,NULL,NULL,'104',NULL,'5',_binary ''),(14,'2019-01-18 16:49:53','Warning it seems that nobody is in the room 105 and the light is on',NULL,NULL,NULL,'105',NULL,'5',_binary ''),(15,'2019-01-18 16:49:56','Warning it seems that nobody is in the room 106 and the light is on',NULL,NULL,NULL,'106',NULL,'5',_binary ''),(16,'2019-01-18 16:49:59','Warning it seems that nobody is in the room 107 and the light is on',NULL,NULL,NULL,'107',NULL,'5',_binary ''),(17,'2019-01-18 16:50:02','Warning it seems that nobody is in the room 201 and the light is on',NULL,NULL,NULL,'201',NULL,'5',_binary ''),(18,'2019-01-19 08:51:38','Close the window of room 102 to keep the room fresh',NULL,NULL,NULL,'102',NULL,'1',_binary ''),(19,'2019-01-19 08:51:41','Close the window of room 101 to keep the room fresh',NULL,NULL,NULL,'101',NULL,'1',_binary ''),(20,'2019-01-19 08:51:43','Close the window of room 103 to keep the room fresh',NULL,NULL,NULL,'103',NULL,'1',_binary ''),(21,'2019-01-19 08:51:46','Close the window of room 104 to keep the room fresh',NULL,NULL,NULL,'104',NULL,'1',_binary ''),(22,'2019-01-19 08:51:49','Close the window of room 107 to keep the room fresh',NULL,NULL,NULL,'107',NULL,'1',_binary ''),(23,'2019-01-19 08:51:52','Close the window of room 105 to keep the room fresh',NULL,NULL,NULL,'105',NULL,'1',_binary ''),(24,'2019-01-19 08:51:57','Close the window of room 201 to keep the room fresh',NULL,NULL,NULL,'201',NULL,'1',_binary ''),(25,'2019-01-19 08:52:04','Close the window of room 106 to keep the room fresh',NULL,NULL,NULL,'106',NULL,'1',_binary ''),(26,'2019-01-19 08:52:10','Close the window of room 202 to keep the room fresh',NULL,NULL,NULL,'202',NULL,'1',_binary ''),(27,'2019-01-19 08:52:27','Close the window of room 204 to keep the room fresh',NULL,NULL,NULL,'204',NULL,'1',_binary ''),(28,'2019-01-19 08:52:43','Close the window of room 205 to keep the room fresh',NULL,NULL,NULL,'205',NULL,'1',_binary ''),(29,'2019-01-19 08:53:18','Close the window of room 207 to keep the room fresh',NULL,NULL,NULL,'207',NULL,'1',_binary ''),(30,'2019-01-19 08:54:39','Close the window of room 208 to keep the room fresh',NULL,NULL,NULL,'208',NULL,'1',_binary ''),(31,'2019-01-19 08:57:09','Close the window of room 203 to keep the room fresh',NULL,NULL,NULL,'203',NULL,'1',_binary ''),(32,'2019-01-19 09:30:01','Close the window of room 206 to keep the room fresh',NULL,NULL,NULL,'206',NULL,'1',_binary ''),(33,'2019-01-19 09:30:04','Close the window of room 210 to keep the room fresh',NULL,NULL,NULL,'210',NULL,'1',_binary ''),(34,'2019-01-19 09:30:07','Close the window of room 209 to keep the room fresh',NULL,NULL,NULL,'209',NULL,'1',_binary ''),(35,'2019-01-19 09:30:10','Close the window of room 211 to keep the room fresh',NULL,NULL,NULL,'211',NULL,'1',_binary ''),(36,'2019-01-19 09:30:13','Close the window of room 213 to keep the room fresh',NULL,NULL,NULL,'213',NULL,'1',_binary ''),(37,'2019-01-19 09:30:16','Close the window of room 212 to keep the room fresh',NULL,NULL,NULL,'212',NULL,'1',_binary '');
/*!40000 ALTER TABLE `advice` ENABLE KEYS */;
UNLOCK TABLES;

--
-- Table structure for table `building`
--

DROP TABLE IF EXISTS `building`;
/*!40101 SET @saved_cs_client     = @@character_set_client */;
 SET character_set_client = utf8mb4 ;
CREATE TABLE `building` (
  `id` bigint(20) NOT NULL AUTO_INCREMENT,
  `building_geometry_id` int(11) DEFAULT NULL,
  `floor` int(11) DEFAULT NULL,
  `geometry_type` varchar(255) DEFAULT NULL,
  `room` varchar(255) DEFAULT NULL,
  `type` varchar(255) DEFAULT NULL,
  `building_id` int(11) DEFAULT NULL,
  `point_id` int(11) DEFAULT NULL,
  `x` int(11) DEFAULT NULL,
  `y` int(11) DEFAULT NULL,
  PRIMARY KEY (`id`)
) ENGINE=MyISAM AUTO_INCREMENT=91 DEFAULT CHARSET=utf8mb4 COLLATE=utf8mb4_0900_ai_ci;
/*!40101 SET character_set_client = @saved_cs_client */;

--
-- Dumping data for table `building`
--

LOCK TABLES `building` WRITE;
/*!40000 ALTER TABLE `building` DISABLE KEYS */;
INSERT INTO `building` VALUES (62,1,1,'Polygon','101','Feature',NULL,NULL,NULL,NULL),(63,2,1,'Polygon','102','Feature',NULL,NULL,NULL,NULL),(64,3,1,'Polygon','103','Feature',NULL,NULL,NULL,NULL),(65,4,1,'Polygon','WC','Feature',NULL,NULL,NULL,NULL),(66,5,1,'Polygon','104','Feature',NULL,NULL,NULL,NULL),(67,6,1,'Polygon','105','Feature',NULL,NULL,NULL,NULL),(68,7,1,'Polygon','106','Feature',NULL,NULL,NULL,NULL),(69,8,1,'Polygon','107','Feature',NULL,NULL,NULL,NULL),(70,9,1,'Polygon','WC','Feature',NULL,NULL,NULL,NULL),(71,10,1,'Polygon','WC','Feature',NULL,NULL,NULL,NULL),(72,11,2,'Polygon','201','Feature',NULL,NULL,NULL,NULL),(73,12,2,'Polygon','202','Feature',NULL,NULL,NULL,NULL),(74,13,2,'Polygon','203','Feature',NULL,NULL,NULL,NULL),(75,14,2,'Polygon','204','Feature',NULL,NULL,NULL,NULL),(76,15,2,'Polygon','205','Feature',NULL,NULL,NULL,NULL),(77,16,2,'Polygon','206','Feature',NULL,NULL,NULL,NULL),(78,17,2,'Polygon','WC','Feature',NULL,NULL,NULL,NULL),(79,18,2,'Polygon','WC','Feature',NULL,NULL,NULL,NULL),(80,19,2,'Polygon','WC','Feature',NULL,NULL,NULL,NULL),(81,20,2,'Polygon','207','Feature',NULL,NULL,NULL,NULL),(82,21,2,'Polygon','208','Feature',NULL,NULL,NULL,NULL),(83,22,2,'Polygon','209','Feature',NULL,NULL,NULL,NULL),(84,23,2,'Polygon','224','Feature',NULL,NULL,NULL,NULL),(85,24,2,'Polygon','211','Feature',NULL,NULL,NULL,NULL),(86,25,2,'Polygon','WC','Feature',NULL,NULL,NULL,NULL),(87,26,2,'Polygon','WC','Feature',NULL,NULL,NULL,NULL),(88,27,2,'Polygon','212','Feature',NULL,NULL,NULL,NULL),(89,28,2,'Polygon','213','Feature',NULL,NULL,NULL,NULL),(90,29,0,'Polygon',NULL,'Feature',NULL,NULL,NULL,NULL);
/*!40000 ALTER TABLE `building` ENABLE KEYS */;
UNLOCK TABLES;

--
-- Table structure for table `building_geometry`
--

DROP TABLE IF EXISTS `building_geometry`;
/*!40101 SET @saved_cs_client     = @@character_set_client */;
 SET character_set_client = utf8mb4 ;
CREATE TABLE `building_geometry` (
  `id` bigint(20) NOT NULL AUTO_INCREMENT,
  `building_id` int(11) DEFAULT NULL,
  `point_id` int(11) DEFAULT NULL,
  `x` int(11) DEFAULT NULL,
  `y` int(11) DEFAULT NULL,
  PRIMARY KEY (`id`)
) ENGINE=MyISAM AUTO_INCREMENT=184 DEFAULT CHARSET=utf8mb4 COLLATE=utf8mb4_0900_ai_ci;
/*!40101 SET character_set_client = @saved_cs_client */;

--
-- Dumping data for table `building_geometry`
--

LOCK TABLES `building_geometry` WRITE;
/*!40000 ALTER TABLE `building_geometry` DISABLE KEYS */;
INSERT INTO `building_geometry` VALUES (88,23,2,140,-4),(87,23,1,101,-4),(86,22,4,62,-70),(85,22,3,101,-70),(84,22,2,101,-4),(83,22,1,62,-4),(82,21,4,26,-70),(81,21,3,62,-70),(80,21,2,62,-4),(79,21,1,26,-4),(78,20,4,-56,-70),(77,20,3,21,-70),(76,20,2,21,-23),(75,20,1,-56,-23),(74,19,4,-175,15),(73,19,3,-149,15),(122,1,1,-175,70),(72,19,2,-149,-4),(71,19,1,-175,-4),(70,18,4,-175,-20),(69,18,3,-149,-20),(68,18,2,-149,-4),(67,18,1,-175,-4),(66,17,4,-175,-20),(65,17,3,-149,-20),(64,17,2,-149,-40),(63,17,1,-175,-40),(62,16,4,-175,-70),(61,16,3,-138,-70),(60,16,2,-138,-40),(59,16,1,-175,-40),(58,15,4,-99,-70),(57,15,3,-138,-70),(56,15,2,-138,-4),(55,15,1,-99,-4),(54,14,4,-99,-70),(53,14,3,-61,-70),(52,14,2,-61,-4),(51,14,1,-99,-4),(50,13,4,-102,15),(49,13,3,-61,15),(48,13,2,-61,70),(47,13,1,-102,70),(46,12,4,-130,15),(45,12,3,-102,15),(44,12,2,-102,70),(43,12,1,-130,70),(42,11,4,-175,15),(41,11,3,-130,15),(40,11,2,-130,70),(39,11,1,-175,70),(38,10,4,150,15),(37,10,3,175,15),(36,10,2,175,40),(35,10,1,150,40),(34,9,4,150,-4),(33,9,3,175,-4),(32,9,2,175,15),(31,9,1,150,15),(30,8,4,83,15),(29,8,3,143,15),(28,8,2,143,70),(27,8,1,83,70),(26,7,4,26,15),(25,7,3,83,15),(24,7,2,83,70),(23,7,1,26,70),(22,6,4,99,-70),(21,6,3,175,-70),(20,6,2,175,-4),(19,6,1,99,-4),(18,5,4,26,-70),(17,5,3,99,-70),(16,5,2,99,-4),(110,5,1,26,-4),(15,4,4,-175,-4),(14,4,3,-142,-4),(13,4,2,-142,15),(12,4,1,-175,15),(11,3,4,-175,-70),(10,3,3,-61,-70),(9,3,2,-61,-4),(8,3,1,-175,-4),(7,2,4,-115,15),(6,2,3,-61,15),(5,2,2,-61,70),(4,2,1,-115,70),(3,1,4,-175,15),(2,1,3,-115,15),(1,1,2,-115,70),(111,23,3,140,-70),(89,23,4,101,-70),(90,24,1,140,-4),(91,24,2,175,-4),(92,24,3,175,-70),(93,24,4,140,-70),(94,25,1,152,13),(95,25,2,175,13),(96,25,3,175,-4),(97,25,4,152,-4),(98,26,1,175,37),(99,26,2,152,37),(100,26,3,152,13),(101,26,4,175,13),(102,27,1,26,70),(103,27,2,83,70),(104,27,3,83,15),(105,27,4,26,15),(106,28,1,83,70),(107,28,2,144,70),(108,28,3,144,15),(109,28,4,83,15),(182,29,30,-180,75),(181,29,29,-180,-75),(180,29,28,180,-75),(179,29,27,180,75),(178,29,26,-56,75),(177,29,25,-56,70),(176,29,24,21,70),(175,29,23,21,20),(174,29,22,-12,20),(173,29,21,-12,15),(172,29,20,26,15),(171,29,19,26,70),(170,29,18,175,70),(169,29,17,175,-70),(168,29,16,26,-70),(167,29,15,26,-4),(166,29,14,21,-4),(165,29,13,21,-70),(164,29,12,-56,-70),(163,29,11,-56,-4),(162,29,10,-61,-4),(161,29,9,-61,-70),(160,29,8,-175,-70),(159,29,7,-175,70),(158,29,6,-61,70),(157,29,5,-61,15),(156,29,4,-25,15),(155,29,3,-25,20),(154,29,2,-56,20),(153,29,1,-56,70),(183,29,31,-56,75);
/*!40000 ALTER TABLE `building_geometry` ENABLE KEYS */;
UNLOCK TABLES;

--
-- Table structure for table `hibernate_sequence`
--

DROP TABLE IF EXISTS `hibernate_sequence`;
/*!40101 SET @saved_cs_client     = @@character_set_client */;
 SET character_set_client = utf8mb4 ;
CREATE TABLE `hibernate_sequence` (
  `next_val` bigint(20) DEFAULT NULL
) ENGINE=MyISAM DEFAULT CHARSET=utf8;
/*!40101 SET character_set_client = @saved_cs_client */;

--
-- Dumping data for table `hibernate_sequence`
--

LOCK TABLES `hibernate_sequence` WRITE;
/*!40000 ALTER TABLE `hibernate_sequence` DISABLE KEYS */;
INSERT INTO `hibernate_sequence` VALUES (5764),(5764),(5764);
/*!40000 ALTER TABLE `hibernate_sequence` ENABLE KEYS */;
UNLOCK TABLES;

--
-- Table structure for table `lesson_schedules_data`
--

DROP TABLE IF EXISTS `lesson_schedules_data`;
/*!40101 SET @saved_cs_client     = @@character_set_client */;
 SET character_set_client = utf8mb4 ;
CREATE TABLE `lesson_schedules_data` (
  `id` bigint(20) NOT NULL,
  `created` datetime DEFAULT NULL,
  `lastmodified` datetime DEFAULT NULL,
  `location` varchar(255) DEFAULT NULL,
  `start` datetime DEFAULT NULL,
  `stop` datetime DEFAULT NULL,
  `lesson_id` bigint(20) DEFAULT NULL,
  `describ` varchar(255) DEFAULT NULL,
  `uuid` varchar(255) DEFAULT NULL,
  PRIMARY KEY (`id`),
  KEY `FKatfrc8i6vxl1h5jkk9e674gl0` (`lesson_id`)
) ENGINE=MyISAM DEFAULT CHARSET=utf8;
/*!40101 SET character_set_client = @saved_cs_client */;

--
-- Dumping data for table `lesson_schedules_data`
--

LOCK TABLES `lesson_schedules_data` WRITE;
/*!40000 ALTER TABLE `lesson_schedules_data` DISABLE KEYS */;
INSERT INTO `lesson_schedules_data` VALUES (3629,'1970-01-01 00:00:00','2018-12-01 15:33:43','EMSE Espace Fauriel S2.21','2018-10-03 06:00:00','2018-10-03 09:00:00',3628,'\n\nM2 CPS2 (8)\n(Exported :01/12/2018 16:33)\n','ADE60323031382d3230313953542d455449454e4e452d31353039372d302d35'),(3631,'1970-01-01 00:00:00','2018-12-01 15:33:43','TSE AMPHI  J 021','2018-11-30 07:00:00','2018-11-30 10:00:00',3630,'\n\nM2 CPS2 (8)\n(Exported :01/12/2018 16:33)\n','ADE60323031382d3230313953542d455449454e4e452d31343735312d322d30'),(3633,'1970-01-01 00:00:00','2018-12-01 15:33:43','EMSE Espace Fauriel S1.32','2019-01-25 12:45:00','2019-01-25 15:45:00',3632,'\n\nM2 CPS2 (8)\nZIMMERMANN A\n(Exported :01/12/2018 16:33)\n','ADE60323031382d3230313953542d455449454e4e452d32343536382d302d30'),(3635,'1970-01-01 00:00:00','2018-12-01 15:33:43','EMSE','2018-12-07 12:45:00','2018-12-07 17:00:00',3634,'\n\nM2 CPS2 (8)\nZIMMERMANN A\n(Exported :01/12/2018 16:33)\n','ADE60323031382d3230313953542d455449454e4e452d31313632332d342d30'),(3637,'1970-01-01 00:00:00','2018-12-01 15:33:43','EMSE 129','2018-11-15 07:00:00','2018-11-15 11:15:00',3636,'\n\nM2 CPS2 (8)\nLEFRANCOIS Maxime\n(Exported :01/12/2018 16:33)\n','ADE60323031382d3230313953542d455449454e4e452d32323938352d342d30'),(3639,'1970-01-01 00:00:00','2018-12-01 15:33:43','EMSE amphi A104 Espace Fauriel','2018-10-23 10:30:00','2018-10-23 14:30:00',3638,'\n\nM2 DSC 17 (dt EMSE TSE)\nM2 DSC Alternance ()\nM2 MLDM (23 + 8 en échange)\nM2 CPS2 (8)\nPICARD GAUTHIER\n(Exported :01/12/2018 16:33)\n','ADE60323031382d3230313953542d455449454e4e452d31303336372d302d32'),(3640,'1970-01-01 00:00:00','2018-12-01 15:33:43','EMSE Espace Fauriel S2.23','2018-12-19 07:30:00','2018-12-19 10:30:00',3628,'\n\nM2 CPS2 (8)\n(Exported :01/12/2018 16:33)\n','ADE60323031382d3230313953542d455449454e4e452d31353039372d302d34'),(3643,'1970-01-01 00:00:00','2018-12-01 15:33:43','EMSE salle à définir,EMSE Espace Fauriel S2.21','2018-11-28 12:30:00','2018-11-28 15:45:00',3642,'\n\nM2 CPS2 (8)\n(Exported :01/12/2018 16:33)\n','ADE60323031382d3230313953542d455449454e4e452d31373835362d31302d30'),(3644,'1970-01-01 00:00:00','2018-12-01 15:33:43','EMSE Espace Fauriel S2.21','2018-10-10 10:30:00','2018-10-10 13:30:00',3628,'\n\nM2 CPS2 (8)\n(Exported :01/12/2018 16:33)\n','ADE60323031382d3230313953542d455449454e4e452d31353039372d302d38'),(3645,'1970-01-01 00:00:00','2018-12-01 15:33:43','EMSE 158 crs Fauriel E405,EMSE 158 crs Fauriel E406','2018-09-12 06:00:00','2018-09-12 09:00:00',3642,'\n\nM2 CPS2 (8)\n(Exported :01/12/2018 16:33)\n','ADE60323031382d3230313953542d455449454e4e452d31373835362d302d30'),(3646,'1970-01-01 00:00:00','2018-12-01 15:33:43','EMSE 158 crs Fauriel E405,EMSE 158 crs Fauriel E406','2018-11-14 08:00:00','2018-11-14 11:00:00',3642,'\n\nM2 CPS2 (8)\n(Exported :01/12/2018 16:33)\n','ADE60323031382d3230313953542d455449454e4e452d31373835362d322d30'),(3647,'1970-01-01 00:00:00','2018-12-01 15:33:43','EMSE 158 crs Fauriel E405,EMSE 158 crs Fauriel E406','2018-11-27 07:15:00','2018-11-27 10:30:00',3642,'\n\nM2 CPS2 (8)\n(Exported :01/12/2018 16:33)\n','ADE60323031382d3230313953542d455449454e4e452d31373835362d372d30'),(3649,'1970-01-01 00:00:00','2018-12-01 15:33:43','EMSE S224','2018-12-03 14:00:00','2018-12-03 17:00:00',3648,'\n\nM2 CPS2 (8)\nPICARD GAUTHIER\n(Exported :01/12/2018 16:33)\n','ADE60323031382d3230313953542d455449454e4e452d33373034392d302d31'),(3650,'1970-01-01 00:00:00','2018-12-01 15:33:43','EMSE','2018-12-21 12:45:00','2018-12-21 17:00:00',3634,'\n\nM2 CPS2 (8)\nZIMMERMANN A\n(Exported :01/12/2018 16:33)\n','ADE60323031382d3230313953542d455449454e4e452d31313632332d362d30'),(3651,'1970-01-01 00:00:00','2018-12-01 15:33:43','EMSE S224','2019-01-21 14:00:00','2019-01-21 17:00:00',3648,'\n\nM2 CPS2 (8)\nPICARD GAUTHIER\n(Exported :01/12/2018 16:33)\n','ADE60323031382d3230313953542d455449454e4e452d33373034392d302d32'),(3653,'1970-01-01 00:00:00','2018-12-01 15:33:43','EMSE Espace Fauriel S2.21,EMSE','2018-11-21 08:00:00','2018-11-21 11:15:00',3642,'\n\nM2 CPS2 (8)\n(Exported :01/12/2018 16:33)\n','ADE60323031382d3230313953542d455449454e4e452d31373835362d342d30'),(3654,'1970-01-01 00:00:00','2018-12-01 15:33:43','EMSE Espace Fauriel S2.21','2018-10-26 10:45:00','2018-10-26 15:00:00',3634,'\n\nM2 CPS2 (8)\nZIMMERMANN A\n(Exported :01/12/2018 16:33)\n','ADE60323031382d3230313953542d455449454e4e452d31313632332d302d30'),(3656,'1970-01-01 00:00:00','2018-12-01 15:33:43','EMSE Salle 120 Esp.Fauriel','2018-09-10 11:00:00','2018-09-10 12:30:00',3655,'\n\nM2 CPS2 (8)\n(Exported :01/12/2018 16:33)\n','ADE60323031382d3230313953542d455449454e4e452d31373833352d302d30'),(3658,'1970-01-01 00:00:00','2018-12-01 15:33:43','TSE AMPHI J020','2018-11-23 07:00:00','2018-11-23 10:00:00',3630,'\n\nM2 CPS2 (8)\n(Exported :01/12/2018 16:33)\n','ADE60323031382d3230313953542d455449454e4e452d31343735312d312d30'),(3659,'1970-01-01 00:00:00','2018-12-01 15:33:43','EMSE amphi A104 Espace Fauriel','2018-12-18 12:30:00','2018-12-18 16:30:00',3638,'\n\nM2 DSC 17 (dt EMSE TSE)\nM2 DSC Alternance ()\nM2 MLDM (23 + 8 en échange)\nM2 CPS2 (8)\nPICARD GAUTHIER\n(Exported :01/12/2018 16:33)\n','ADE60323031382d3230313953542d455449454e4e452d31303336372d302d30'),(3661,'1970-01-01 00:00:00','2018-12-01 15:33:43','EMSE','2019-01-18 12:45:00','2019-01-18 17:00:00',3634,'\n\nM2 CPS2 (8)\nZIMMERMANN A\n(Exported :01/12/2018 16:33)\n','ADE60323031382d3230313953542d455449454e4e452d31313632332d382d30'),(3662,'1970-01-01 00:00:00','2018-12-01 15:33:43','EMSE amphi A104 Espace Fauriel','2018-12-11 12:30:00','2018-12-11 16:30:00',3638,'\n\nM2 DSC 17 (dt EMSE TSE)\nM2 DSC Alternance ()\nM2 MLDM (23 + 8 en échange)\nM2 CPS2 (8)\nPICARD GAUTHIER\n(Exported :01/12/2018 16:33)\n','ADE60323031382d3230313953542d455449454e4e452d31303336372d302d31'),(3663,'1970-01-01 00:00:00','2018-12-01 15:33:43','EMSE amphi A104 Espace Fauriel','2018-11-06 12:30:00','2018-11-06 16:30:00',3638,'\n\nM2 DSC 17 (dt EMSE TSE)\nM2 DSC Alternance ()\nM2 MLDM (23 + 8 en échange)\nM2 CPS2 (8)\nPICARD GAUTHIER\n(Exported :01/12/2018 16:33)\n','ADE60323031382d3230313953542d455449454e4e452d31303336372d302d33'),(3664,'1970-01-01 00:00:00','2018-12-01 15:33:43','EMSE 129','2018-10-11 05:00:00','2018-10-11 07:00:00',3636,'\n\nM2 CPS2 (8)\nLEFRANCOIS Maxime\n(Exported :01/12/2018 16:33)\n','ADE60323031382d3230313953542d455449454e4e452d32323938352d302d30'),(3665,'1970-01-01 00:00:00','2018-12-01 15:33:43','EMSE 129','2018-10-25 05:15:00','2018-10-25 08:30:00',3636,'\n\nM2 CPS2 (8)\nLEFRANCOIS Maxime\n(Exported :01/12/2018 16:33)\n','ADE60323031382d3230313953542d455449454e4e452d32323938352d322d30'),(3666,'1970-01-01 00:00:00','2018-12-01 15:33:43','TSE AMPHI J020','2018-11-16 09:00:00','2018-11-16 11:00:00',3630,'\n\nM2 CPS2 (8)\n(Exported :01/12/2018 16:33)\n','ADE60323031382d3230313953542d455449454e4e452d31343735312d302d30'),(3668,'1970-01-01 00:00:00','2018-12-01 15:33:43','EMSE 158 crs Fauriel E405,EMSE 158 crs Fauriel E406','2018-11-26 12:30:00','2018-11-26 15:30:00',3642,'\n\nM2 CPS2 (8)\n(Exported :01/12/2018 16:33)\n','ADE60323031382d3230313953542d455449454e4e452d31373835362d362d30'),(3670,'1970-01-01 00:00:00','2018-12-01 15:33:43','null','2019-01-24 12:00:00','2019-01-24 16:00:00',3669,'\n\nCC M2 SISE/AIMA (4)\nM2 CPS2 (8)\nCC M1 AIMA/SISE (14)\nM2 DSC 17 (dt EMSE TSE)\nM2 DSC Alternance ()\n(Exported :01/12/2018 16:33)\n','ADE60323031382d3230313953542d455449454e4e452d393033342d302d30'),(3671,'1970-01-01 00:00:00','2018-12-01 15:33:43','EMSE 158 crs Fauriel E406','2018-11-16 12:45:00','2018-11-16 17:00:00',3634,'\n\nM2 CPS2 (8)\nZIMMERMANN A\n(Exported :01/12/2018 16:33)\n','ADE60323031382d3230313953542d455449454e4e452d31313632332d322d30'),(3672,'1970-01-01 00:00:00','2018-12-01 15:33:43','TSE  A116 (+res.TSE)','2018-12-14 07:00:00','2018-12-14 11:00:00',3630,'\n\nM2 CPS2 (8)\n(Exported :01/12/2018 16:33)\n','ADE60323031382d3230313953542d455449454e4e452d31343735312d342d30'),(3673,'1970-01-01 00:00:00','2018-12-01 15:33:43','EMSE 129','2018-12-06 07:00:00','2018-12-06 11:15:00',3636,'\n\nM2 CPS2 (8)\nLEFRANCOIS Maxime\n(Exported :01/12/2018 16:33)\n','ADE60323031382d3230313953542d455449454e4e452d32323938352d362d30'),(3674,'1970-01-01 00:00:00','2018-12-01 15:33:43','EMSE Espace Fauriel S2.21','2018-11-09 12:45:00','2018-11-09 17:00:00',3634,'\n\nM2 CPS2 (8)\nZIMMERMANN A\n(Exported :01/12/2018 16:33)\n','ADE60323031382d3230313953542d455449454e4e452d31313632332d312d30'),(3675,'1970-01-01 00:00:00','2018-12-01 15:33:43','TSE J 207','2019-01-11 07:00:00','2019-01-11 11:00:00',3630,'\n\nM2 CPS2 (8)\n(Exported :01/12/2018 16:33)\n','ADE60323031382d3230313953542d455449454e4e452d31343735312d362d30'),(3676,'1970-01-01 00:00:00','2018-12-01 15:33:43','EMSE Espace Fauriel S2.21','2018-10-03 10:30:00','2018-10-03 13:30:00',3628,'\n\nM2 CPS2 (8)\n(Exported :01/12/2018 16:33)\n','ADE60323031382d3230313953542d455449454e4e452d31353039372d302d36'),(3678,'1970-01-01 00:00:00','2018-12-01 15:33:43','CARNOT D03 - (+rés.TSE)','2018-12-13 11:30:00','2018-12-13 13:00:00',3677,'\n\nM1 DSC (21)\nM1 MLDM (26)\nParcours 3DMT (6)\nParcours COSI (3)\nM1 CPS2 (13)\nCC M1 AIMA/SISE (14)\nCC M2 SISE/AIMA (4)\nM2 CPS2 (8)\nM2 DSC 17 (dt EMSE TSE)\nM2 DSC Alternance ()\nM2 MLDM (23 + 8 en échange)\n(Exported :01/12/2018 16:33)\n','ADE60323031382d3230313953542d455449454e4e452d33363637302d302d30'),(3682,'1970-01-01 00:00:00','2018-12-01 15:33:43','EMSE 129','2018-10-11 07:00:00','2018-10-11 09:15:00',3636,'\n\nM2 CPS2 (8)\nLEFRANCOIS Maxime\n(Exported :01/12/2018 16:33)\n','ADE60323031382d3230313953542d455449454e4e452d32323938352d392d30'),(3683,'1970-01-01 00:00:00','2018-12-01 15:33:43','EMSE 129','2018-11-22 07:00:00','2018-11-22 11:15:00',3636,'\n\nM2 CPS2 (8)\nLEFRANCOIS Maxime\n(Exported :01/12/2018 16:33)\n','ADE60323031382d3230313953542d455449454e4e452d32323938352d352d30'),(3685,'1970-01-01 00:00:00','2018-12-01 15:33:43','EMSE 129','2018-10-18 07:15:00','2018-10-18 09:30:00',3636,'\n\nM2 CPS2 (8)\nLEFRANCOIS Maxime\n(Exported :01/12/2018 16:33)\n','ADE60323031382d3230313953542d455449454e4e452d32323938352d312d30'),(3686,'1970-01-01 00:00:00','2018-12-01 15:33:43','EMSE 158 crs Fauriel E405,EMSE 158 crs Fauriel E406','2018-10-17 06:00:00','2018-10-17 09:00:00',3642,'\n\nM2 CPS2 (8)\n(Exported :01/12/2018 16:33)\n','ADE60323031382d3230313953542d455449454e4e452d31373835362d312d30'),(3687,'1970-01-01 00:00:00','2018-12-01 15:33:43','EMSE Espace Fauriel S2.21','2018-10-10 06:00:00','2018-10-10 09:00:00',3628,'\n\nM2 CPS2 (8)\n(Exported :01/12/2018 16:33)\n','ADE60323031382d3230313953542d455449454e4e452d31353039372d302d37'),(3688,'1970-01-01 00:00:00','2018-12-01 15:33:43','TSE J 207','2018-12-21 07:00:00','2018-12-21 11:00:00',3630,'\n\nM2 CPS2 (8)\n(Exported :01/12/2018 16:33)\n','ADE60323031382d3230313953542d455449454e4e452d31343735312d352d30'),(3689,'1970-01-01 00:00:00','2018-12-01 15:33:43','EMSE amphi A104 Espace Fauriel','2018-12-04 12:30:00','2018-12-04 16:30:00',3638,'\n\nM2 DSC 17 (dt EMSE TSE)\nM2 DSC Alternance ()\nM2 MLDM (23 + 8 en échange)\nM2 CPS2 (8)\nPICARD GAUTHIER\n(Exported :01/12/2018 16:33)\n','ADE60323031382d3230313953542d455449454e4e452d31303336372d302d34'),(3692,'1970-01-01 00:00:00','2018-12-01 15:33:43','EMSE S214','2019-01-08 07:15:00','2019-01-08 08:45:00',3691,'\n\nM2 CPS2 (8)\n(Exported :01/12/2018 16:33)\n','ADE60323031382d3230313953542d455449454e4e452d31343734392d302d30'),(3693,'1970-01-01 00:00:00','2018-12-01 15:33:43','EMSE 158 crs Fauriel E405,EMSE 158 crs Fauriel E406','2018-11-29 07:15:00','2018-11-29 10:30:00',3642,'\n\nM2 CPS2 (8)\n(Exported :01/12/2018 16:33)\n','ADE60323031382d3230313953542d455449454e4e452d31373835362d31312d30'),(3694,'1970-01-01 00:00:00','2018-12-01 15:33:43','EMSE Espace Fauriel S2.21,EMSE','2018-11-28 07:15:00','2018-11-28 10:30:00',3642,'\n\nM2 CPS2 (8)\n(Exported :01/12/2018 16:33)\n','ADE60323031382d3230313953542d455449454e4e452d31373835362d392d30'),(3695,'1970-01-01 00:00:00','2018-12-01 15:33:43','EMSE 129','2018-12-13 07:00:00','2018-12-13 11:15:00',3636,'\n\nM2 CPS2 (8)\nLEFRANCOIS Maxime\n(Exported :01/12/2018 16:33)\n','ADE60323031382d3230313953542d455449454e4e452d32323938352d372d30'),(3696,'1970-01-01 00:00:00','2018-12-01 15:33:43','EMSE 158 crs Fauriel E405,EMSE 158 crs Fauriel E406','2018-11-26 07:15:00','2018-11-26 10:30:00',3642,'\n\nM2 CPS2 (8)\n(Exported :01/12/2018 16:33)\n','ADE60323031382d3230313953542d455449454e4e452d31373835362d352d30'),(3697,'1970-01-01 00:00:00','2018-12-01 15:33:43','EMSE','2019-01-11 12:45:00','2019-01-11 17:00:00',3634,'\n\nM2 CPS2 (8)\nZIMMERMANN A\n(Exported :01/12/2018 16:33)\n','ADE60323031382d3230313953542d455449454e4e452d31313632332d372d30'),(3698,'1970-01-01 00:00:00','2018-12-01 15:33:43','EMSE 129','2018-11-08 07:00:00','2018-11-08 11:15:00',3636,'\n\nM2 CPS2 (8)\nLEFRANCOIS Maxime\n(Exported :01/12/2018 16:33)\n','ADE60323031382d3230313953542d455449454e4e452d32323938352d332d30'),(3700,'1970-01-01 00:00:00','2018-12-01 15:33:43','EMSE','2018-12-14 12:45:00','2018-12-14 17:00:00',3634,'\n\nM2 CPS2 (8)\nZIMMERMANN A\n(Exported :01/12/2018 16:33)\n','ADE60323031382d3230313953542d455449454e4e452d31313632332d352d30'),(3701,'1970-01-01 00:00:00','2018-12-01 15:33:43','EMSE amphi A104 Espace Fauriel','2018-10-24 05:30:00','2018-10-24 08:30:00',3628,'\n\nM2 CPS2 (8)\n(Exported :01/12/2018 16:33)\n','ADE60323031382d3230313953542d455449454e4e452d31353039372d302d30'),(3702,'1970-01-01 00:00:00','2018-12-01 15:33:43','TSE AMPHI J020','2018-12-07 07:00:00','2018-12-07 10:00:00',3630,'\n\nM2 CPS2 (8)\n(Exported :01/12/2018 16:33)\n','ADE60323031382d3230313953542d455449454e4e452d31343735312d332d30'),(3703,'1970-01-01 00:00:00','2018-12-01 15:33:43','EMSE 158 crs Fauriel E405,EMSE 158 crs Fauriel E406','2018-11-14 12:30:00','2018-11-14 15:30:00',3642,'\n\nM2 CPS2 (8)\n(Exported :01/12/2018 16:33)\n','ADE60323031382d3230313953542d455449454e4e452d31373835362d332d30'),(3705,'1970-01-01 00:00:00','2018-12-01 15:33:43','EMSE amphi A104 Espace Fauriel','2019-01-07 09:30:00','2019-01-07 11:00:00',3704,'\n\nM2 CPS2 (8)\n(Exported :01/12/2018 16:33)\n','ADE60323031382d3230313953542d455449454e4e452d32393231342d302d30'),(3706,'1970-01-01 00:00:00','2018-12-01 15:33:43','EMSE S224','2018-10-22 12:00:00','2018-10-22 15:00:00',3648,'\n\nM2 CPS2 (8)\nPICARD GAUTHIER\n(Exported :01/12/2018 16:33)\n','ADE60323031382d3230313953542d455449454e4e452d33373034392d302d30'),(3708,'1970-01-01 00:00:00','2018-12-01 15:33:43','EMSE Espace Fauriel S2.23','2018-12-12 07:30:00','2018-12-12 10:30:00',3628,'\n\nM2 CPS2 (8)\n(Exported :01/12/2018 16:33)\n','ADE60323031382d3230313953542d455449454e4e452d31353039372d302d33'),(3710,'1970-01-01 00:00:00','2018-12-01 15:33:43','TSE AMPHI  J 021','2019-01-25 07:00:00','2019-01-25 09:00:00',3709,'\n\nM2 DSC 17 (dt EMSE TSE)\nM2 MLDM (23 + 8 en échange)\nM2 CPS2 (8)\nPICARD GAUTHIER\n(Exported :01/12/2018 16:33)\n','ADE60323031382d3230313953542d455449454e4e452d313136322d302d30'),(3711,'1970-01-01 00:00:00','2018-12-01 15:33:43','EMSE Espace Fauriel S2.23','2018-12-05 07:30:00','2018-12-05 10:30:00',3628,'\n\nM2 CPS2 (8)\n(Exported :01/12/2018 16:33)\n','ADE60323031382d3230313953542d455449454e4e452d31353039372d302d32'),(3713,'1970-01-01 00:00:00','2018-12-01 15:33:43','EMSE amphi A104 Espace Fauriel','2019-01-07 08:00:00','2019-01-07 09:30:00',3712,'\n\nM2 CPS2 (8)\n(Exported :01/12/2018 16:33)\n','ADE60323031382d3230313953542d455449454e4e452d32353434392d302d30'),(3714,'1970-01-01 00:00:00','2018-12-01 15:33:43','EMSE 129','2018-12-20 07:00:00','2018-12-20 11:15:00',3636,'\n\nM2 CPS2 (8)\nLEFRANCOIS Maxime\n(Exported :01/12/2018 16:33)\n','ADE60323031382d3230313953542d455449454e4e452d32323938352d382d30'),(3715,'1970-01-01 00:00:00','2018-12-01 15:33:43','EMSE','2018-11-30 12:45:00','2018-11-30 17:00:00',3634,'\n\nM2 CPS2 (8)\nZIMMERMANN A\n(Exported :01/12/2018 16:33)\n','ADE60323031382d3230313953542d455449454e4e452d31313632332d332d30'),(3717,'1970-01-01 00:00:00','2018-12-01 15:33:43','EMSE 158 crs Fauriel E405,EMSE 158 crs Fauriel E406','2018-11-27 12:30:00','2018-11-27 15:30:00',3642,'\n\nM2 CPS2 (8)\n(Exported :01/12/2018 16:33)\n','ADE60323031382d3230313953542d455449454e4e452d31373835362d382d30'),(3718,'1970-01-01 00:00:00','2018-12-01 15:33:43','EMSE Espace Fauriel S2.23','2018-11-07 07:30:00','2018-11-07 10:30:00',3628,'\n\nM2 CPS2 (8)\n(Exported :01/12/2018 16:33)\n','ADE60323031382d3230313953542d455449454e4e452d31353039372d302d31'),(3720,'1970-01-01 00:00:00','2018-12-01 15:33:43','TSE AMPHI  J 021','2019-01-25 09:00:00','2019-01-25 10:00:00',3719,'\n\nM2 CPS2 (8)\n(Exported :01/12/2018 16:33)\n','ADE60323031382d3230313953542d455449454e4e452d31383431312d302d30'),(3724,'1970-01-01 00:00:00','2018-12-01 15:33:43','EMSE Espace Fauriel S2.21','2018-10-03 06:00:00','2018-10-03 09:00:00',3628,'\n\nM2 CPS2 (8)\n(Exported :01/12/2018 16:33)\n','ADE60323031382d3230313953542d455449454e4e452d31353039372d302d35'),(3725,'1970-01-01 00:00:00','2018-12-01 15:33:43','TSE AMPHI  J 021','2018-11-30 07:00:00','2018-11-30 10:00:00',3630,'\n\nM2 CPS2 (8)\n(Exported :01/12/2018 16:33)\n','ADE60323031382d3230313953542d455449454e4e452d31343735312d322d30'),(3726,'1970-01-01 00:00:00','2018-12-01 15:33:43','EMSE Espace Fauriel S1.32','2019-01-25 12:45:00','2019-01-25 15:45:00',3632,'\n\nM2 CPS2 (8)\nZIMMERMANN A\n(Exported :01/12/2018 16:33)\n','ADE60323031382d3230313953542d455449454e4e452d32343536382d302d30'),(3727,'1970-01-01 00:00:00','2018-12-01 15:33:43','EMSE','2018-12-07 12:45:00','2018-12-07 17:00:00',3634,'\n\nM2 CPS2 (8)\nZIMMERMANN A\n(Exported :01/12/2018 16:33)\n','ADE60323031382d3230313953542d455449454e4e452d31313632332d342d30'),(3728,'1970-01-01 00:00:00','2018-12-01 15:33:43','EMSE 129','2018-11-15 07:00:00','2018-11-15 11:15:00',3636,'\n\nM2 CPS2 (8)\nLEFRANCOIS Maxime\n(Exported :01/12/2018 16:33)\n','ADE60323031382d3230313953542d455449454e4e452d32323938352d342d30'),(3729,'1970-01-01 00:00:00','2018-12-01 15:33:43','EMSE amphi A104 Espace Fauriel','2018-10-23 10:30:00','2018-10-23 14:30:00',3638,'\n\nM2 DSC 17 (dt EMSE TSE)\nM2 DSC Alternance ()\nM2 MLDM (23 + 8 en échange)\nM2 CPS2 (8)\nPICARD GAUTHIER\n(Exported :01/12/2018 16:33)\n','ADE60323031382d3230313953542d455449454e4e452d31303336372d302d32'),(3730,'1970-01-01 00:00:00','2018-12-01 15:33:43','EMSE Espace Fauriel S2.23','2018-12-19 07:30:00','2018-12-19 10:30:00',3628,'\n\nM2 CPS2 (8)\n(Exported :01/12/2018 16:33)\n','ADE60323031382d3230313953542d455449454e4e452d31353039372d302d34'),(3732,'1970-01-01 00:00:00','2018-12-01 15:33:43','EMSE salle à définir,EMSE Espace Fauriel S2.21','2018-11-28 12:30:00','2018-11-28 15:45:00',3642,'\n\nM2 CPS2 (8)\n(Exported :01/12/2018 16:33)\n','ADE60323031382d3230313953542d455449454e4e452d31373835362d31302d30'),(3733,'1970-01-01 00:00:00','2018-12-01 15:33:43','EMSE Espace Fauriel S2.21','2018-10-10 10:30:00','2018-10-10 13:30:00',3628,'\n\nM2 CPS2 (8)\n(Exported :01/12/2018 16:33)\n','ADE60323031382d3230313953542d455449454e4e452d31353039372d302d38'),(3734,'1970-01-01 00:00:00','2018-12-01 15:33:43','EMSE 158 crs Fauriel E405,EMSE 158 crs Fauriel E406','2018-09-12 06:00:00','2018-09-12 09:00:00',3642,'\n\nM2 CPS2 (8)\n(Exported :01/12/2018 16:33)\n','ADE60323031382d3230313953542d455449454e4e452d31373835362d302d30'),(3735,'1970-01-01 00:00:00','2018-12-01 15:33:43','EMSE 158 crs Fauriel E405,EMSE 158 crs Fauriel E406','2018-11-14 08:00:00','2018-11-14 11:00:00',3642,'\n\nM2 CPS2 (8)\n(Exported :01/12/2018 16:33)\n','ADE60323031382d3230313953542d455449454e4e452d31373835362d322d30'),(3736,'1970-01-01 00:00:00','2018-12-01 15:33:43','EMSE 158 crs Fauriel E405,EMSE 158 crs Fauriel E406','2018-11-27 07:15:00','2018-11-27 10:30:00',3642,'\n\nM2 CPS2 (8)\n(Exported :01/12/2018 16:33)\n','ADE60323031382d3230313953542d455449454e4e452d31373835362d372d30'),(3737,'1970-01-01 00:00:00','2018-12-01 15:33:43','EMSE S224','2018-12-03 14:00:00','2018-12-03 17:00:00',3648,'\n\nM2 CPS2 (8)\nPICARD GAUTHIER\n(Exported :01/12/2018 16:33)\n','ADE60323031382d3230313953542d455449454e4e452d33373034392d302d31'),(3738,'1970-01-01 00:00:00','2018-12-01 15:33:43','EMSE','2018-12-21 12:45:00','2018-12-21 17:00:00',3634,'\n\nM2 CPS2 (8)\nZIMMERMANN A\n(Exported :01/12/2018 16:33)\n','ADE60323031382d3230313953542d455449454e4e452d31313632332d362d30'),(3739,'1970-01-01 00:00:00','2018-12-01 15:33:43','EMSE S224','2019-01-21 14:00:00','2019-01-21 17:00:00',3648,'\n\nM2 CPS2 (8)\nPICARD GAUTHIER\n(Exported :01/12/2018 16:33)\n','ADE60323031382d3230313953542d455449454e4e452d33373034392d302d32'),(3741,'1970-01-01 00:00:00','2018-12-01 15:33:43','EMSE Espace Fauriel S2.21,EMSE','2018-11-21 08:00:00','2018-11-21 11:15:00',3642,'\n\nM2 CPS2 (8)\n(Exported :01/12/2018 16:33)\n','ADE60323031382d3230313953542d455449454e4e452d31373835362d342d30'),(3742,'1970-01-01 00:00:00','2018-12-01 15:33:43','EMSE Espace Fauriel S2.21','2018-10-26 10:45:00','2018-10-26 15:00:00',3634,'\n\nM2 CPS2 (8)\nZIMMERMANN A\n(Exported :01/12/2018 16:33)\n','ADE60323031382d3230313953542d455449454e4e452d31313632332d302d30'),(3743,'1970-01-01 00:00:00','2018-12-01 15:33:43','EMSE Salle 120 Esp.Fauriel','2018-09-10 11:00:00','2018-09-10 12:30:00',3655,'\n\nM2 CPS2 (8)\n(Exported :01/12/2018 16:33)\n','ADE60323031382d3230313953542d455449454e4e452d31373833352d302d30'),(3745,'1970-01-01 00:00:00','2018-12-01 15:33:43','TSE AMPHI J020','2018-11-23 07:00:00','2018-11-23 10:00:00',3630,'\n\nM2 CPS2 (8)\n(Exported :01/12/2018 16:33)\n','ADE60323031382d3230313953542d455449454e4e452d31343735312d312d30'),(3746,'1970-01-01 00:00:00','2018-12-01 15:33:43','EMSE amphi A104 Espace Fauriel','2018-12-18 12:30:00','2018-12-18 16:30:00',3638,'\n\nM2 DSC 17 (dt EMSE TSE)\nM2 DSC Alternance ()\nM2 MLDM (23 + 8 en échange)\nM2 CPS2 (8)\nPICARD GAUTHIER\n(Exported :01/12/2018 16:33)\n','ADE60323031382d3230313953542d455449454e4e452d31303336372d302d30'),(3748,'1970-01-01 00:00:00','2018-12-01 15:33:43','EMSE','2019-01-18 12:45:00','2019-01-18 17:00:00',3634,'\n\nM2 CPS2 (8)\nZIMMERMANN A\n(Exported :01/12/2018 16:33)\n','ADE60323031382d3230313953542d455449454e4e452d31313632332d382d30'),(3749,'1970-01-01 00:00:00','2018-12-01 15:33:43','EMSE amphi A104 Espace Fauriel','2018-12-11 12:30:00','2018-12-11 16:30:00',3638,'\n\nM2 DSC 17 (dt EMSE TSE)\nM2 DSC Alternance ()\nM2 MLDM (23 + 8 en échange)\nM2 CPS2 (8)\nPICARD GAUTHIER\n(Exported :01/12/2018 16:33)\n','ADE60323031382d3230313953542d455449454e4e452d31303336372d302d31'),(3750,'1970-01-01 00:00:00','2018-12-01 15:33:43','EMSE amphi A104 Espace Fauriel','2018-11-06 12:30:00','2018-11-06 16:30:00',3638,'\n\nM2 DSC 17 (dt EMSE TSE)\nM2 DSC Alternance ()\nM2 MLDM (23 + 8 en échange)\nM2 CPS2 (8)\nPICARD GAUTHIER\n(Exported :01/12/2018 16:33)\n','ADE60323031382d3230313953542d455449454e4e452d31303336372d302d33'),(3751,'1970-01-01 00:00:00','2018-12-01 15:33:43','EMSE 129','2018-10-11 05:00:00','2018-10-11 07:00:00',3636,'\n\nM2 CPS2 (8)\nLEFRANCOIS Maxime\n(Exported :01/12/2018 16:33)\n','ADE60323031382d3230313953542d455449454e4e452d32323938352d302d30'),(3752,'1970-01-01 00:00:00','2018-12-01 15:33:43','EMSE 129','2018-10-25 05:15:00','2018-10-25 08:30:00',3636,'\n\nM2 CPS2 (8)\nLEFRANCOIS Maxime\n(Exported :01/12/2018 16:33)\n','ADE60323031382d3230313953542d455449454e4e452d32323938352d322d30'),(3753,'1970-01-01 00:00:00','2018-12-01 15:33:43','TSE AMPHI J020','2018-11-16 09:00:00','2018-11-16 11:00:00',3630,'\n\nM2 CPS2 (8)\n(Exported :01/12/2018 16:33)\n','ADE60323031382d3230313953542d455449454e4e452d31343735312d302d30'),(3755,'1970-01-01 00:00:00','2018-12-01 15:33:43','EMSE 158 crs Fauriel E405,EMSE 158 crs Fauriel E406','2018-11-26 12:30:00','2018-11-26 15:30:00',3642,'\n\nM2 CPS2 (8)\n(Exported :01/12/2018 16:33)\n','ADE60323031382d3230313953542d455449454e4e452d31373835362d362d30'),(3756,'1970-01-01 00:00:00','2018-12-01 15:33:43','null','2019-01-24 12:00:00','2019-01-24 16:00:00',3669,'\n\nCC M2 SISE/AIMA (4)\nM2 CPS2 (8)\nCC M1 AIMA/SISE (14)\nM2 DSC 17 (dt EMSE TSE)\nM2 DSC Alternance ()\n(Exported :01/12/2018 16:33)\n','ADE60323031382d3230313953542d455449454e4e452d393033342d302d30'),(3757,'1970-01-01 00:00:00','2018-12-01 15:33:43','EMSE 158 crs Fauriel E406','2018-11-16 12:45:00','2018-11-16 17:00:00',3634,'\n\nM2 CPS2 (8)\nZIMMERMANN A\n(Exported :01/12/2018 16:33)\n','ADE60323031382d3230313953542d455449454e4e452d31313632332d322d30'),(3758,'1970-01-01 00:00:00','2018-12-01 15:33:43','TSE  A116 (+res.TSE)','2018-12-14 07:00:00','2018-12-14 11:00:00',3630,'\n\nM2 CPS2 (8)\n(Exported :01/12/2018 16:33)\n','ADE60323031382d3230313953542d455449454e4e452d31343735312d342d30'),(3759,'1970-01-01 00:00:00','2018-12-01 15:33:43','EMSE 129','2018-12-06 07:00:00','2018-12-06 11:15:00',3636,'\n\nM2 CPS2 (8)\nLEFRANCOIS Maxime\n(Exported :01/12/2018 16:33)\n','ADE60323031382d3230313953542d455449454e4e452d32323938352d362d30'),(3760,'1970-01-01 00:00:00','2018-12-01 15:33:43','EMSE Espace Fauriel S2.21','2018-11-09 12:45:00','2018-11-09 17:00:00',3634,'\n\nM2 CPS2 (8)\nZIMMERMANN A\n(Exported :01/12/2018 16:33)\n','ADE60323031382d3230313953542d455449454e4e452d31313632332d312d30'),(3761,'1970-01-01 00:00:00','2018-12-01 15:33:43','TSE J 207','2019-01-11 07:00:00','2019-01-11 11:00:00',3630,'\n\nM2 CPS2 (8)\n(Exported :01/12/2018 16:33)\n','ADE60323031382d3230313953542d455449454e4e452d31343735312d362d30'),(3762,'1970-01-01 00:00:00','2018-12-01 15:33:43','EMSE Espace Fauriel S2.21','2018-10-03 10:30:00','2018-10-03 13:30:00',3628,'\n\nM2 CPS2 (8)\n(Exported :01/12/2018 16:33)\n','ADE60323031382d3230313953542d455449454e4e452d31353039372d302d36'),(3763,'1970-01-01 00:00:00','2018-12-01 15:33:43','CARNOT D03 - (+rés.TSE)','2018-12-13 11:30:00','2018-12-13 13:00:00',3677,'\n\nM1 DSC (21)\nM1 MLDM (26)\nParcours 3DMT (6)\nParcours COSI (3)\nM1 CPS2 (13)\nCC M1 AIMA/SISE (14)\nCC M2 SISE/AIMA (4)\nM2 CPS2 (8)\nM2 DSC 17 (dt EMSE TSE)\nM2 DSC Alternance ()\nM2 MLDM (23 + 8 en échange)\n(Exported :01/12/2018 16:33)\n','ADE60323031382d3230313953542d455449454e4e452d33363637302d302d30'),(3765,'1970-01-01 00:00:00','2018-12-01 15:33:43','EMSE','2019-01-10 07:00:00','2019-01-10 11:00:00',3680,'\n\nM2 CPS2 (8)\n(Exported :01/12/2018 16:33)\n','ADE60323031382d3230313953542d455449454e4e452d31363838342d302d30'),(3766,'1970-01-01 00:00:00','2018-12-01 15:33:43','EMSE 129','2018-10-11 07:00:00','2018-10-11 09:15:00',3636,'\n\nM2 CPS2 (8)\nLEFRANCOIS Maxime\n(Exported :01/12/2018 16:33)\n','ADE60323031382d3230313953542d455449454e4e452d32323938352d392d30'),(3767,'1970-01-01 00:00:00','2018-12-01 15:33:43','EMSE 129','2018-11-22 07:00:00','2018-11-22 11:15:00',3636,'\n\nM2 CPS2 (8)\nLEFRANCOIS Maxime\n(Exported :01/12/2018 16:33)\n','ADE60323031382d3230313953542d455449454e4e452d32323938352d352d30'),(3769,'1970-01-01 00:00:00','2018-12-01 15:33:43','EMSE 129','2018-10-18 07:15:00','2018-10-18 09:30:00',3636,'\n\nM2 CPS2 (8)\nLEFRANCOIS Maxime\n(Exported :01/12/2018 16:33)\n','ADE60323031382d3230313953542d455449454e4e452d32323938352d312d30'),(3770,'1970-01-01 00:00:00','2018-12-01 15:33:43','EMSE 158 crs Fauriel E405,EMSE 158 crs Fauriel E406','2018-10-17 06:00:00','2018-10-17 09:00:00',3642,'\n\nM2 CPS2 (8)\n(Exported :01/12/2018 16:33)\n','ADE60323031382d3230313953542d455449454e4e452d31373835362d312d30'),(3771,'1970-01-01 00:00:00','2018-12-01 15:33:43','EMSE Espace Fauriel S2.21','2018-10-10 06:00:00','2018-10-10 09:00:00',3628,'\n\nM2 CPS2 (8)\n(Exported :01/12/2018 16:33)\n','ADE60323031382d3230313953542d455449454e4e452d31353039372d302d37'),(3772,'1970-01-01 00:00:00','2018-12-01 15:33:43','TSE J 207','2018-12-21 07:00:00','2018-12-21 11:00:00',3630,'\n\nM2 CPS2 (8)\n(Exported :01/12/2018 16:33)\n','ADE60323031382d3230313953542d455449454e4e452d31343735312d352d30'),(3773,'1970-01-01 00:00:00','2018-12-01 15:33:43','EMSE amphi A104 Espace Fauriel','2018-12-04 12:30:00','2018-12-04 16:30:00',3638,'\n\nM2 DSC 17 (dt EMSE TSE)\nM2 DSC Alternance ()\nM2 MLDM (23 + 8 en échange)\nM2 CPS2 (8)\nPICARD GAUTHIER\n(Exported :01/12/2018 16:33)\n','ADE60323031382d3230313953542d455449454e4e452d31303336372d302d34'),(3775,'1970-01-01 00:00:00','2018-12-01 15:33:43','EMSE S214','2019-01-08 07:15:00','2019-01-08 08:45:00',3691,'\n\nM2 CPS2 (8)\n(Exported :01/12/2018 16:33)\n','ADE60323031382d3230313953542d455449454e4e452d31343734392d302d30'),(3776,'1970-01-01 00:00:00','2018-12-01 15:33:43','EMSE 158 crs Fauriel E405,EMSE 158 crs Fauriel E406','2018-11-29 07:15:00','2018-11-29 10:30:00',3642,'\n\nM2 CPS2 (8)\n(Exported :01/12/2018 16:33)\n','ADE60323031382d3230313953542d455449454e4e452d31373835362d31312d30'),(3777,'1970-01-01 00:00:00','2018-12-01 15:33:43','EMSE Espace Fauriel S2.21,EMSE','2018-11-28 07:15:00','2018-11-28 10:30:00',3642,'\n\nM2 CPS2 (8)\n(Exported :01/12/2018 16:33)\n','ADE60323031382d3230313953542d455449454e4e452d31373835362d392d30'),(3778,'1970-01-01 00:00:00','2018-12-01 15:33:43','EMSE 129','2018-12-13 07:00:00','2018-12-13 11:15:00',3636,'\n\nM2 CPS2 (8)\nLEFRANCOIS Maxime\n(Exported :01/12/2018 16:33)\n','ADE60323031382d3230313953542d455449454e4e452d32323938352d372d30'),(3779,'1970-01-01 00:00:00','2018-12-01 15:33:43','EMSE 158 crs Fauriel E405,EMSE 158 crs Fauriel E406','2018-11-26 07:15:00','2018-11-26 10:30:00',3642,'\n\nM2 CPS2 (8)\n(Exported :01/12/2018 16:33)\n','ADE60323031382d3230313953542d455449454e4e452d31373835362d352d30'),(3780,'1970-01-01 00:00:00','2018-12-01 15:33:43','EMSE','2019-01-11 12:45:00','2019-01-11 17:00:00',3634,'\n\nM2 CPS2 (8)\nZIMMERMANN A\n(Exported :01/12/2018 16:33)\n','ADE60323031382d3230313953542d455449454e4e452d31313632332d372d30'),(3781,'1970-01-01 00:00:00','2018-12-01 15:33:43','EMSE 129','2018-11-08 07:00:00','2018-11-08 11:15:00',3636,'\n\nM2 CPS2 (8)\nLEFRANCOIS Maxime\n(Exported :01/12/2018 16:33)\n','ADE60323031382d3230313953542d455449454e4e452d32323938352d332d30'),(3783,'1970-01-01 00:00:00','2018-12-01 15:33:43','EMSE','2018-12-14 12:45:00','2018-12-14 17:00:00',3634,'\n\nM2 CPS2 (8)\nZIMMERMANN A\n(Exported :01/12/2018 16:33)\n','ADE60323031382d3230313953542d455449454e4e452d31313632332d352d30'),(3784,'1970-01-01 00:00:00','2018-12-01 15:33:43','EMSE amphi A104 Espace Fauriel','2018-10-24 05:30:00','2018-10-24 08:30:00',3628,'\n\nM2 CPS2 (8)\n(Exported :01/12/2018 16:33)\n','ADE60323031382d3230313953542d455449454e4e452d31353039372d302d30'),(3785,'1970-01-01 00:00:00','2018-12-01 15:33:43','TSE AMPHI J020','2018-12-07 07:00:00','2018-12-07 10:00:00',3630,'\n\nM2 CPS2 (8)\n(Exported :01/12/2018 16:33)\n','ADE60323031382d3230313953542d455449454e4e452d31343735312d332d30'),(3786,'1970-01-01 00:00:00','2018-12-01 15:33:43','EMSE 158 crs Fauriel E405,EMSE 158 crs Fauriel E406','2018-11-14 12:30:00','2018-11-14 15:30:00',3642,'\n\nM2 CPS2 (8)\n(Exported :01/12/2018 16:33)\n','ADE60323031382d3230313953542d455449454e4e452d31373835362d332d30'),(3787,'1970-01-01 00:00:00','2018-12-01 15:33:43','EMSE amphi A104 Espace Fauriel','2019-01-07 09:30:00','2019-01-07 11:00:00',3704,'\n\nM2 CPS2 (8)\n(Exported :01/12/2018 16:33)\n','ADE60323031382d3230313953542d455449454e4e452d32393231342d302d30'),(3788,'1970-01-01 00:00:00','2018-12-01 15:33:43','EMSE S224','2018-10-22 12:00:00','2018-10-22 15:00:00',3648,'\n\nM2 CPS2 (8)\nPICARD GAUTHIER\n(Exported :01/12/2018 16:33)\n','ADE60323031382d3230313953542d455449454e4e452d33373034392d302d30'),(3790,'1970-01-01 00:00:00','2018-12-01 15:33:43','EMSE Espace Fauriel S2.23','2018-12-12 07:30:00','2018-12-12 10:30:00',3628,'\n\nM2 CPS2 (8)\n(Exported :01/12/2018 16:33)\n','ADE60323031382d3230313953542d455449454e4e452d31353039372d302d33'),(3791,'1970-01-01 00:00:00','2018-12-01 15:33:43','TSE AMPHI  J 021','2019-01-25 07:00:00','2019-01-25 09:00:00',3709,'\n\nM2 DSC 17 (dt EMSE TSE)\nM2 MLDM (23 + 8 en échange)\nM2 CPS2 (8)\nPICARD GAUTHIER\n(Exported :01/12/2018 16:33)\n','ADE60323031382d3230313953542d455449454e4e452d313136322d302d30'),(3792,'1970-01-01 00:00:00','2018-12-01 15:33:43','EMSE Espace Fauriel S2.23','2018-12-05 07:30:00','2018-12-05 10:30:00',3628,'\n\nM2 CPS2 (8)\n(Exported :01/12/2018 16:33)\n','ADE60323031382d3230313953542d455449454e4e452d31353039372d302d32'),(3793,'1970-01-01 00:00:00','2018-12-01 15:33:43','EMSE amphi A104 Espace Fauriel','2019-01-07 08:00:00','2019-01-07 09:30:00',3712,'\n\nM2 CPS2 (8)\n(Exported :01/12/2018 16:33)\n','ADE60323031382d3230313953542d455449454e4e452d32353434392d302d30'),(3794,'1970-01-01 00:00:00','2018-12-01 15:33:43','EMSE 129','2018-12-20 07:00:00','2018-12-20 11:15:00',3636,'\n\nM2 CPS2 (8)\nLEFRANCOIS Maxime\n(Exported :01/12/2018 16:33)\n','ADE60323031382d3230313953542d455449454e4e452d32323938352d382d30'),(3795,'1970-01-01 00:00:00','2018-12-01 15:33:43','EMSE','2018-11-30 12:45:00','2018-11-30 17:00:00',3634,'\n\nM2 CPS2 (8)\nZIMMERMANN A\n(Exported :01/12/2018 16:33)\n','ADE60323031382d3230313953542d455449454e4e452d31313632332d332d30'),(3797,'1970-01-01 00:00:00','2018-12-01 15:33:43','EMSE 158 crs Fauriel E405,EMSE 158 crs Fauriel E406','2018-11-27 12:30:00','2018-11-27 15:30:00',3642,'\n\nM2 CPS2 (8)\n(Exported :01/12/2018 16:33)\n','ADE60323031382d3230313953542d455449454e4e452d31373835362d382d30'),(3798,'1970-01-01 00:00:00','2018-12-01 15:33:43','EMSE Espace Fauriel S2.23','2018-11-07 07:30:00','2018-11-07 10:30:00',3628,'\n\nM2 CPS2 (8)\n(Exported :01/12/2018 16:33)\n','ADE60323031382d3230313953542d455449454e4e452d31353039372d302d31'),(3799,'1970-01-01 00:00:00','2018-12-01 15:33:43','TSE AMPHI  J 021','2019-01-25 09:00:00','2019-01-25 10:00:00',3719,'\n\nM2 CPS2 (8)\n(Exported :01/12/2018 16:33)\n','ADE60323031382d3230313953542d455449454e4e452d31383431312d302d30');
/*!40000 ALTER TABLE `lesson_schedules_data` ENABLE KEYS */;
UNLOCK TABLES;

--
-- Table structure for table `lesson_specialities`
--

DROP TABLE IF EXISTS `lesson_specialities`;
/*!40101 SET @saved_cs_client     = @@character_set_client */;
 SET character_set_client = utf8mb4 ;
CREATE TABLE `lesson_specialities` (
  `id` bigint(20) NOT NULL,
  `name` varchar(255) DEFAULT NULL,
  PRIMARY KEY (`id`)
) ENGINE=MyISAM DEFAULT CHARSET=utf8;
/*!40101 SET character_set_client = @saved_cs_client */;

--
-- Dumping data for table `lesson_specialities`
--

LOCK TABLES `lesson_specialities` WRITE;
/*!40000 ALTER TABLE `lesson_specialities` DISABLE KEYS */;
INSERT INTO `lesson_specialities` VALUES (3530,'CPS2'),(3722,'CSS');
/*!40000 ALTER TABLE `lesson_specialities` ENABLE KEYS */;
UNLOCK TABLES;

--
-- Table structure for table `lessons`
--

DROP TABLE IF EXISTS `lessons`;
/*!40101 SET @saved_cs_client     = @@character_set_client */;
 SET character_set_client = utf8mb4 ;
CREATE TABLE `lessons` (
  `id` bigint(20) NOT NULL,
  `name` varchar(255) DEFAULT NULL,
  `lesson_specialities_id` bigint(20) DEFAULT NULL,
  PRIMARY KEY (`id`),
  KEY `FKl2oeybhvbun56ae0dmdfqnykm` (`lesson_specialities_id`)
) ENGINE=MyISAM DEFAULT CHARSET=utf8;
/*!40101 SET character_set_client = @saved_cs_client */;

--
-- Dumping data for table `lessons`
--

LOCK TABLES `lessons` WRITE;
/*!40000 ALTER TABLE `lessons` DISABLE KEYS */;
INSERT INTO `lessons` VALUES (3628,'CM/TD Mobile Computing',3722),(3630,'CM/TD Cloud Computing',3722),(3632,'EXAM Semantic Web',3722),(3634,'CM/TD Semantic Web',3722),(3636,'CM/TD Internet of Things (+TSE-CPS2)',3722),(3638,'CM/TD Multi Agent systems Coordination UE1 EMSE',3722),(3642,'CM/TD Distributed and Web Services',3722),(3648,'CPS2 Project',3722),(3655,'Rentrée CPS2 à Ecole des Mines',3722),(3669,'TOEIC',3722),(3677,'Lunch',3722),(3680,'EXAM Internet of Things',3722),(3691,'EXAM Security Trust & Privacy',3722),(3704,'EXAM Distributed and Web Services',3722),(3709,'EXAM Multi Agent systems Coordination UE1 EMSE',3722),(3712,'EXAM Distributed and Mobile Computing',3722),(3719,'EXAM Cloud Computing',3722);
/*!40000 ALTER TABLE `lessons` ENABLE KEYS */;
UNLOCK TABLES;

--
-- Table structure for table `sensor`
--

DROP TABLE IF EXISTS `sensor`;
/*!40101 SET @saved_cs_client     = @@character_set_client */;
 SET character_set_client = utf8mb4 ;
CREATE TABLE `sensor` (
  `id` bigint(20) NOT NULL,
  `describ` varchar(255) DEFAULT NULL,
  `room` varchar(255) DEFAULT NULL,
  `address` varchar(255) DEFAULT NULL,
  PRIMARY KEY (`id`)
) ENGINE=MyISAM DEFAULT CHARSET=utf8;
/*!40101 SET character_set_client = @saved_cs_client */;

--
-- Dumping data for table `sensor`
--

LOCK TABLES `sensor` WRITE;
/*!40000 ALTER TABLE `sensor` DISABLE KEYS */;
INSERT INTO `sensor` VALUES (1,'This is Room 101','101',NULL),(2,'This is Room 102','102',NULL),(3,'This is Room 103','103',NULL),(4,'This is Room 104','104',NULL),(5,'This is Room 105','105',NULL),(6,'This is Room 106','106',NULL),(7,'This is Room 107','107',NULL),(8,'This is Room 201','201',NULL),(9,'This is Room 202','202',NULL),(10,'This is Room 203','203',NULL),(11,'This is Room 204','204',NULL),(12,'This is Room 205','205',NULL),(13,'This is Room 206','206',NULL),(14,'This is Room 207','207',NULL),(15,'This is Room 208','208',NULL),(16,'This is Room 209','209',NULL),(17,'This is Room 224','224',NULL),(18,'This is Room 211','211',NULL),(19,'This is Room 212','212',NULL),(20,'This is Room 213','213',NULL);
/*!40000 ALTER TABLE `sensor` ENABLE KEYS */;
UNLOCK TABLES;

--
-- Table structure for table `sensordata`
--

DROP TABLE IF EXISTS `sensordata`;
/*!40101 SET @saved_cs_client     = @@character_set_client */;
 SET character_set_client = utf8mb4 ;
CREATE TABLE `sensordata` (
  `id` bigint(20) NOT NULL,
  `date` datetime DEFAULT NULL,
  `hmdt` varchar(255) DEFAULT NULL,
  `light` varchar(255) DEFAULT NULL,
  `value` varchar(255) DEFAULT NULL,
  `sensor_id` bigint(20) DEFAULT NULL,
  PRIMARY KEY (`id`),
  KEY `FKa106ssx97vr4humqfbgjp4g98` (`sensor_id`)
) ENGINE=MyISAM DEFAULT CHARSET=utf8;
/*!40101 SET character_set_client = @saved_cs_client */;

--
-- Dumping data for table `sensordata`
--

LOCK TABLES `sensordata` WRITE;
/*!40000 ALTER TABLE `sensordata` DISABLE KEYS */;
INSERT INTO `sensordata` VALUES (2,'2018-11-26 23:52:48','48','9','22',1),(3,'2018-11-26 23:52:55','48','10','22',1),(4,'2018-11-26 23:53:05','48','10','22',1),(5,'2018-11-26 23:53:16','48','10','22',1),(6,'2018-11-26 23:53:27','48','10','22',1),(7,'2018-11-26 23:53:37','48','9','22',1),(8,'2018-11-26 23:53:48','48','10','22',1),(9,'2018-11-26 23:53:57','47','10','22',1),(10,'2018-11-26 23:54:07','47','9','22',1),(11,'2018-11-26 23:54:18','47','10','22',1),(12,'2018-11-26 23:54:32','47','10','22',1),(13,'2018-11-26 23:54:40','47','10','22',1),(14,'2018-11-26 23:54:49','47','10','22',1),(15,'2018-11-26 23:54:59','47','9','22',1),(16,'2018-11-26 23:55:19','47','9','22',1),(17,'2018-11-26 23:55:32','47','10','22',1),(18,'2018-11-26 23:55:40','47','10','22',1),(19,'2018-11-26 23:55:51','47','10','22',1),(20,'2018-11-26 23:56:01','47','10','22',1),(21,'2018-11-26 23:56:12','47','9','22',1),(22,'2018-11-26 23:56:25','47','10','22',1),(23,'2018-11-26 23:56:32','47','10','22',1),(24,'2018-11-26 23:56:42','47','10','22',1),(25,'2018-11-26 23:56:54','47','10','22',1),(26,'2018-11-26 23:57:04','47','10','22',1),(27,'2018-11-26 23:57:13','47','10','22',1),(28,'2018-11-26 23:57:23','47','10','22',1),(29,'2018-11-26 23:57:34','47','9','22',1),(30,'2018-11-26 23:57:44','47','10','22',1),(31,'2018-11-26 23:57:54','47','9','22',1),(32,'2018-11-26 23:58:05','47','10','22',1),(33,'2018-11-26 23:58:15','47','10','22',1),(34,'2018-11-26 23:58:26','47','10','22',1),(35,'2018-11-26 23:58:37','47','9','22',1),(36,'2018-11-26 23:58:46','47','10','22',1),(38,'2018-11-26 23:59:29','47','10','22',2),(39,'2018-11-26 23:59:29','47','10','22',2),(40,'2018-11-26 23:59:33','47','9','22',2),(41,'2018-11-26 23:59:44','47','10','22',2),(42,'2018-11-26 23:59:54','47','10','22',2),(43,'2018-11-27 00:00:06','47','10','22',2),(44,'2018-11-27 00:00:16','47','10','22',2),(45,'2018-11-27 00:00:25','47','10','22',2),(46,'2018-11-27 00:00:35','47','10','22',2),(47,'2018-11-27 00:00:46','47','10','22',2),(48,'2018-11-27 00:00:57','47','10','22',2),(49,'2018-11-27 00:01:10','47','10','22',2),(50,'2018-11-27 00:01:20','47','10','22',2),(51,'2018-11-27 00:01:28','47','10','22',2),(52,'2018-11-27 00:01:38','47','10','22',2),(53,'2018-11-27 00:01:49','47','9','22',2),(54,'2018-11-27 00:01:59','47','10','22',2),(55,'2018-11-27 00:02:09','47','10','22',2),(56,'2018-11-27 00:02:20','47','10','22',2),(57,'2018-11-27 00:02:29','47','9','22',2),(58,'2018-11-27 00:02:39','47','9','22',2),(59,'2018-11-27 00:02:51','47','10','22',2),(60,'2018-11-27 00:03:01','47','10','22',2),(61,'2018-11-27 00:03:11','47','9','22',2),(62,'2018-11-27 00:03:22','47','10','22',2),(63,'2018-11-27 00:03:31','47','10','22',2),(64,'2018-11-27 00:03:41','47','9','22',2),(65,'2018-11-27 00:03:52','47','10','22',2),(66,'2018-11-27 00:04:03','47','10','22',2),(67,'2018-11-27 00:04:13','47','10','22',2),(68,'2018-11-27 00:04:26','47','9','22',2),(69,'2018-11-27 00:04:56','47','10','22',2),(70,'2018-11-27 00:05:10','47','10','22',2),(71,'2018-11-27 00:05:43','47','10','22',2),(72,'2018-11-27 00:05:48','47','10','22',2),(73,'2018-11-27 00:05:58','47','10','22',2),(74,'2018-11-27 00:06:27','47','10','22',2),(75,'2018-11-27 00:06:37','47','10','22',2),(76,'2018-11-27 00:06:48','47','10','22',2),(77,'2018-11-27 00:06:59','47','10','22',2),(78,'2018-11-27 00:07:09','47','10','22',2),(79,'2018-11-27 00:07:20','47','10','22',2),(80,'2018-11-27 00:07:50','47','10','22',2),(81,'2018-11-27 00:08:00','47','10','22',2),(82,'2018-11-27 00:50:20','47','10','22',2),(83,'2018-11-27 00:50:20','47','9','22',2),(84,'2018-11-27 00:50:20','47','10','22',2),(85,'2018-11-27 00:50:20','47','10','22',2),(86,'2018-11-27 00:50:20','47','10','22',2),(87,'2018-11-27 00:50:20','47','10','22',2),(88,'2018-11-27 00:50:20','47','10','22',2),(89,'2018-11-27 00:50:20','47','10','22',2),(90,'2018-11-27 00:50:20','47','10','22',2),(91,'2018-11-27 00:50:20','47','10','22',2),(92,'2018-11-27 00:50:20','47','10','22',2),(93,'2018-11-27 00:50:20','47','10','22',2),(94,'2018-11-27 00:50:20','47','10','22',2),(95,'2018-11-27 00:50:21','47','10','22',2),(96,'2018-11-27 00:50:21','47','10','22',2),(97,'2018-11-27 00:50:21','47','10','22',2),(98,'2018-11-27 00:50:21','47','9','22',2),(99,'2018-11-27 00:50:21','47','10','22',2),(100,'2018-11-27 00:50:21','47','10','22',2),(101,'2018-11-27 00:50:21','47','10','22',2),(102,'2018-11-27 00:50:21','47','10','22',2),(103,'2018-11-27 00:50:21','47','10','22',2),(104,'2018-11-27 00:50:21','47','9','22',2),(105,'2018-11-27 00:50:21','47','9','22',2),(106,'2018-11-27 00:50:21','47','10','22',2),(107,'2018-11-27 00:50:21','47','10','22',2),(108,'2018-11-27 00:50:21','47','10','22',2),(109,'2018-11-27 00:50:21','47','10','22',2),(110,'2018-11-27 00:50:21','47','9','22',2),(111,'2018-11-27 00:50:21','47','9','22',2),(112,'2018-11-27 00:50:21','47','9','22',2),(113,'2018-11-27 00:50:21','47','10','22',2),(114,'2018-11-27 00:50:21','47','10','23',2),(115,'2018-11-27 00:50:21','47','9','23',2),(116,'2018-11-27 00:50:21','47','10','23',2),(117,'2018-11-27 00:50:21','47','9','23',2),(118,'2018-11-27 00:50:21','47','10','23',2),(119,'2018-11-27 00:50:21','47','9','23',2),(120,'2018-11-27 00:50:21','47','10','23',2),(121,'2018-11-27 00:50:21','47','10','23',2),(122,'2018-11-27 00:50:21','47','10','23',2),(123,'2018-11-27 00:50:21','47','10','23',2),(124,'2018-11-27 00:50:21','47','10','23',2),(125,'2018-11-27 00:50:21','47','10','23',2),(126,'2018-11-27 00:50:21','47','10','23',2),(127,'2018-11-27 00:50:21','47','10','23',2),(128,'2018-11-27 00:50:21','47','10','23',2),(129,'2018-11-27 00:50:21','47','10','23',2),(130,'2018-11-27 00:50:21','47','9','23',2),(131,'2018-11-27 00:50:21','47','10','23',2),(132,'2018-11-27 00:50:21','47','10','23',2),(133,'2018-11-27 00:50:21','47','10','23',2),(134,'2018-11-27 00:50:21','47','9','23',2),(135,'2018-11-27 00:50:21','47','10','23',2),(136,'2018-11-27 00:50:21','47','10','23',2),(137,'2018-11-27 00:50:21','47','10','23',2),(138,'2018-11-27 00:50:21','47','10','23',2),(139,'2018-11-27 00:50:21','47','10','23',2),(140,'2018-11-27 00:50:21','47','9','23',2),(141,'2018-11-27 00:50:21','47','10','23',2),(142,'2018-11-27 00:50:21','47','10','23',2),(143,'2018-11-27 00:50:21','47','9','23',2),(144,'2018-11-27 00:50:21','47','10','23',2),(145,'2018-11-27 00:50:21','47','9','23',2),(146,'2018-11-27 00:50:21','47','10','23',2),(147,'2018-11-27 00:50:21','47','10','23',2),(148,'2018-11-27 00:50:21','47','10','23',2),(149,'2018-11-27 00:50:21','47','10','23',2),(150,'2018-11-27 00:50:21','47','10','23',2),(151,'2018-11-27 00:50:21','47','10','23',2),(152,'2018-11-27 00:50:21','47','10','23',2),(153,'2018-11-27 00:50:21','47','9','23',2),(154,'2018-11-27 00:50:21','47','10','23',2),(155,'2018-11-27 00:50:21','47','10','23',2),(156,'2018-11-27 00:50:21','47','10','23',2),(157,'2018-11-27 00:50:21','47','10','23',2),(158,'2018-11-27 00:50:21','47','10','23',2),(159,'2018-11-27 00:50:21','47','10','23',2),(160,'2018-11-27 00:50:21','47','10','23',2),(161,'2018-11-27 00:50:22','47','9','23',2),(162,'2018-11-27 00:50:22','47','9','23',2),(163,'2018-11-27 00:50:22','47','10','23',2),(164,'2018-11-27 00:50:22','47','9','23',2),(165,'2018-11-27 00:50:22','46','10','23',2),(166,'2018-11-27 00:50:22','46','10','23',2),(167,'2018-11-27 00:50:22','46','10','23',2),(168,'2018-11-27 00:50:22','46','10','23',2),(169,'2018-11-27 00:50:22','46','10','23',2),(170,'2018-11-27 00:50:22','46','10','23',2),(171,'2018-11-27 00:50:22','46','10','23',2),(172,'2018-11-27 00:50:22','46','10','23',2),(173,'2018-11-27 00:50:22','46','10','23',2),(174,'2018-11-27 00:50:22','46','10','23',2),(175,'2018-11-27 00:50:22','46','10','23',2),(176,'2018-11-27 00:50:22','46','9','23',2),(177,'2018-11-27 00:50:22','46','10','23',2),(178,'2018-11-27 00:50:22','46','10','23',2),(179,'2018-11-27 00:50:22','46','10','23',2),(180,'2018-11-27 00:50:22','46','9','23',2),(181,'2018-11-27 00:50:22','46','9','23',2),(182,'2018-11-27 00:50:22','46','10','23',2),(183,'2018-11-27 00:50:22','46','10','23',2),(184,'2018-11-27 00:50:22','46','10','23',2),(185,'2018-11-27 00:50:22','46','10','23',2),(186,'2018-11-27 00:50:22','46','9','23',2),(187,'2018-11-27 00:50:22','46','10','23',2),(188,'2018-11-27 00:50:22','46','10','23',2),(189,'2018-11-27 00:50:22','46','10','23',2),(190,'2018-11-27 00:50:22','46','10','23',2),(191,'2018-11-27 00:50:22','46','9','23',2),(192,'2018-11-27 00:50:22','47','10','23',2),(193,'2018-11-27 00:50:22','47','10','23',2),(194,'2018-11-27 00:50:22','47','10','23',2),(195,'2018-11-27 00:50:22','47','10','23',2),(196,'2018-11-27 00:50:22','47','10','23',2),(197,'2018-11-27 00:50:22','47','10','23',2),(198,'2018-11-27 00:50:22','47','10','23',2),(199,'2018-11-27 00:50:22','47','10','23',2),(200,'2018-11-27 00:50:22','47','10','23',2),(201,'2018-11-27 00:50:22','47','10','23',2),(202,'2018-11-27 00:50:22','47','10','23',2),(203,'2018-11-27 00:50:22','47','10','23',2),(204,'2018-11-27 00:50:22','47','10','23',2),(205,'2018-11-27 00:50:22','47','10','23',2),(206,'2018-11-27 00:50:22','47','10','23',2),(207,'2018-11-27 00:50:22','47','10','23',2),(208,'2018-11-27 00:50:22','47','10','23',2),(209,'2018-11-27 00:50:22','47','10','23',2),(210,'2018-11-27 00:50:22','47','10','23',2),(211,'2018-11-27 00:50:22','47','10','23',2),(212,'2018-11-27 00:50:22','47','10','23',2),(213,'2018-11-27 00:50:22','47','10','23',2),(214,'2018-11-27 00:50:22','47','9','23',2),(215,'2018-11-27 00:50:22','47','10','23',2),(216,'2018-11-27 00:50:22','47','10','23',2),(217,'2018-11-27 00:50:22','47','10','23',2),(218,'2018-11-27 00:50:22','46','10','23',2),(219,'2018-11-27 00:50:22','46','10','23',2),(220,'2018-11-27 00:50:22','46','10','23',2),(221,'2018-11-27 00:50:22','47','9','23',2),(222,'2018-11-27 00:50:22','47','10','23',2),(223,'2018-11-27 00:50:22','46','10','23',2),(224,'2018-11-27 00:50:22','47','10','23',2),(225,'2018-11-27 00:50:22','47','10','23',2),(226,'2018-11-27 00:50:22','47','10','23',2),(227,'2018-11-27 00:50:22','47','10','23',2),(228,'2018-11-27 00:50:22','47','10','23',2),(229,'2018-11-27 00:50:22','47','10','23',2),(230,'2018-11-27 00:50:22','47','10','23',2),(231,'2018-11-27 00:50:22','47','10','23',2),(232,'2018-11-27 00:50:22','46','10','23',2),(233,'2018-11-27 00:50:22','46','10','23',2),(234,'2018-11-27 00:50:22','46','10','23',2),(235,'2018-11-27 00:50:22','46','10','23',2),(236,'2018-11-27 00:50:22','46','10','23',2),(237,'2018-11-27 00:50:23','46','9','23',2),(238,'2018-11-27 00:50:23','46','10','23',2),(239,'2018-11-27 00:50:23','46','10','23',2),(240,'2018-11-27 00:50:23','46','10','23',2),(241,'2018-11-27 00:50:23','47','10','23',2),(242,'2018-11-27 00:50:23','47','10','23',2),(243,'2018-11-27 00:50:23','47','10','23',2),(244,'2018-11-27 00:50:23','47','10','23',2),(245,'2018-11-27 00:50:23','46','10','23',2),(246,'2018-11-27 00:50:23','46','10','23',2),(247,'2018-11-27 00:50:23','46','10','23',2),(248,'2018-11-27 00:50:23','46','10','23',2),(249,'2018-11-27 00:50:23','46','10','23',2),(250,'2018-11-27 00:50:23','46','10','23',2),(251,'2018-11-27 00:50:23','47','10','23',2),(252,'2018-11-27 00:50:23','47','10','23',2),(253,'2018-11-27 00:50:23','47','10','23',2),(254,'2018-11-27 00:50:23','46','10','23',2),(255,'2018-11-27 00:50:23','47','10','23',2),(256,'2018-11-27 00:50:23','47','10','23',2),(257,'2018-11-27 00:50:23','47','10','23',2),(258,'2018-11-27 00:50:23','47','9','23',2),(259,'2018-11-27 00:50:23','47','10','23',2),(260,'2018-11-27 00:50:23','47','9','23',2),(261,'2018-11-27 00:50:23','47','10','23',2),(262,'2018-11-27 00:50:23','47','10','23',2),(263,'2018-11-27 00:50:23','47','10','23',2),(264,'2018-11-27 00:50:23','47','10','23',2),(265,'2018-11-27 00:50:23','47','10','23',2),(266,'2018-11-27 00:50:23','47','10','23',2),(267,'2018-11-27 00:50:23','47','10','23',2),(268,'2018-11-27 00:50:23','47','9','23',2),(269,'2018-11-27 00:50:23','47','10','23',2),(270,'2018-11-27 00:50:23','47','10','23',14),(271,'2018-11-27 00:50:23','47','10','23',14),(272,'2018-11-27 00:50:23','47','10','23',14),(273,'2018-11-27 00:50:23','46','10','23',14),(274,'2018-11-27 00:50:23','46','10','23',14),(275,'2018-11-27 00:50:23','46','10','23',14),(276,'2018-11-27 00:50:23','47','10','23',14),(277,'2018-11-27 00:50:23','46','10','23',15),(278,'2018-11-27 00:50:23','47','10','23',15),(279,'2018-11-27 00:50:23','47','9','23',15),(280,'2018-11-27 00:50:23','47','10','23',15),(281,'2018-11-27 00:50:23','47','10','23',16),(282,'2018-11-27 00:50:23','47','10','23',16),(283,'2018-11-27 00:50:23','47','10','23',16),(284,'2018-11-27 00:50:23','47','10','23',16),(285,'2018-11-27 00:50:23','46','10','23',17),(286,'2018-11-27 00:50:23','46','10','23',17),(287,'2018-11-27 00:50:23','47','9','23',17),(288,'2018-11-27 00:50:23','47','10','23',17),(289,'2018-11-27 00:50:23','47','10','23',17),(290,'2018-11-27 00:50:23','47','9','23',18),(291,'2018-11-27 00:50:23','47','10','23',18),(292,'2018-11-27 00:50:23','46','9','23',18),(293,'2018-11-27 00:50:23','47','10','23',18),(294,'2018-11-27 00:50:23','47','10','23',19),(295,'2018-11-27 00:50:23','47','10','23',19),(296,'2018-11-27 00:50:23','47','9','23',19),(297,'2018-11-27 00:50:23','47','10','23',19),(298,'2018-11-27 00:50:23','47','10','23',19),(299,'2018-11-27 00:50:23','47','10','23',19),(300,'2018-11-27 00:50:23','47','10','23',20),(301,'2018-11-27 00:50:23','46','10','23',20),(302,'2018-11-27 00:50:23','47','10','23',20),(303,'2018-11-27 00:50:23','47','10','23',20),(304,'2018-11-27 00:50:23','47','9','23',20),(305,'2018-11-27 00:50:23','47','10','23',20),(306,'2018-11-27 00:50:23','47','10','23',20),(307,'2018-11-27 00:50:23','47','10','23',2),(308,'2018-11-27 00:50:23','47','10','23',2),(309,'2018-11-27 00:50:24','47','10','23',2),(310,'2018-11-27 00:50:24','46','10','23',2),(311,'2018-11-27 00:50:24','46','10','23',2),(312,'2018-11-27 00:50:24','46','10','23',2),(313,'2018-11-27 00:50:24','46','10','23',2),(314,'2018-11-27 00:50:24','46','10','23',2),(315,'2018-11-27 00:50:24','46','10','23',2),(316,'2018-11-27 00:50:24','46','10','23',2),(317,'2018-11-27 00:50:24','46','10','23',2),(318,'2018-11-27 00:50:24','46','10','23',2),(319,'2018-11-27 00:50:24','46','10','23',2),(320,'2018-11-27 00:50:24','46','10','23',2),(321,'2018-11-27 00:50:24','46','10','23',2),(322,'2018-11-27 00:50:24','46','10','23',2),(323,'2018-11-27 00:50:24','46','10','23',2),(324,'2018-11-27 00:50:32','46','10','23',2),(325,'2018-11-27 00:50:41','47','10','23',2),(326,'2018-11-27 00:50:51','46','10','23',2),(327,'2018-11-27 00:51:02','46','10','23',2),(328,'2018-11-27 00:51:13','47','10','23',2),(329,'2018-11-27 13:01:33','47','10','23',2),(330,'2018-11-27 13:01:33','46','9','23',2),(331,'2018-11-27 13:01:33','46','10','23',2),(332,'2018-11-27 13:01:33','46','10','23',2),(333,'2018-11-27 13:01:33','46','10','23',2),(334,'2018-11-27 13:01:33','46','10','23',2),(335,'2018-11-27 13:01:33','46','10','23',2),(336,'2018-11-27 13:01:34','46','10','23',2),(337,'2018-11-27 13:01:34','46','10','23',2),(338,'2018-11-27 13:01:34','46','9','23',2),(339,'2018-11-27 13:01:34','46','10','23',2),(340,'2018-11-27 13:01:34','46','9','23',2),(341,'2018-11-27 13:01:34','46','10','23',2),(342,'2018-11-27 13:01:34','46','10','23',2),(343,'2018-11-27 13:01:34','46','10','23',2),(344,'2018-11-27 13:01:34','47','9','23',2),(345,'2018-11-27 13:01:34','47','10','23',2),(346,'2018-11-27 13:01:34','47','10','23',2),(347,'2018-11-27 13:01:34','47','10','23',2),(348,'2018-11-27 13:01:34','47','10','23',2),(349,'2018-11-27 13:01:34','46','10','23',2),(350,'2018-11-27 13:01:34','46','10','23',2),(351,'2018-11-27 13:01:34','47','10','23',2),(352,'2018-11-27 13:01:34','47','10','23',2),(353,'2018-11-27 13:01:34','46','9','23',2),(354,'2018-11-27 13:01:34','46','10','23',2),(355,'2018-11-27 13:01:34','46','10','23',2),(356,'2018-11-27 13:01:34','46','9','23',2),(357,'2018-11-27 13:01:34','46','9','23',2),(358,'2018-11-27 13:01:34','46','9','23',2),(359,'2018-11-27 13:01:34','46','10','23',2),(360,'2018-11-27 13:01:34','46','9','23',2),(361,'2018-11-27 13:01:34','46','10','23',2),(362,'2018-11-27 13:01:34','46','10','23',2),(363,'2018-11-27 13:01:34','46','10','23',2),(364,'2018-11-27 13:01:34','46','9','23',2),(365,'2018-11-27 13:01:34','46','10','23',2),(366,'2018-11-27 13:01:34','46','10','23',2),(367,'2018-11-27 13:01:34','46','9','23',2),(368,'2018-11-27 13:01:34','46','9','23',2),(369,'2018-11-27 13:01:34','46','10','23',2),(370,'2018-11-27 13:01:34','46','10','23',2),(371,'2018-11-27 13:01:34','46','10','23',2),(372,'2018-11-27 13:01:34','46','10','23',2),(373,'2018-11-27 13:01:34','46','10','23',2),(374,'2018-11-27 13:01:34','46','10','23',2),(375,'2018-11-27 13:01:34','46','10','23',2),(376,'2018-11-27 13:01:34','46','10','23',2),(377,'2018-11-27 13:01:34','46','10','23',2),(378,'2018-11-27 13:01:34','46','10','23',2),(379,'2018-11-27 13:01:34','46','10','23',2),(380,'2018-11-27 13:01:34','46','10','23',2),(381,'2018-11-27 13:01:34','46','10','23',2),(382,'2018-11-27 13:01:34','46','10','23',2),(383,'2018-11-27 13:01:34','46','10','23',2),(384,'2018-11-27 13:01:34','46','10','23',2),(385,'2018-11-27 13:01:34','46','10','23',2),(386,'2018-11-27 13:01:34','46','9','23',2),(387,'2018-11-27 13:01:34','46','10','23',2),(388,'2018-11-27 13:01:34','46','10','23',2),(389,'2018-11-27 13:01:34','46','10','23',2),(390,'2018-11-27 13:01:34','46','10','23',2),(391,'2018-11-27 13:01:34','46','10','23',2),(392,'2018-11-27 13:01:34','47','10','23',2),(393,'2018-11-27 13:01:34','46','10','23',2),(394,'2018-11-27 13:01:34','47','10','23',2),(395,'2018-11-27 13:01:34','46','10','23',2),(396,'2018-11-27 13:01:34','46','10','23',2),(397,'2018-11-27 13:01:34','46','10','23',2),(398,'2018-11-27 13:01:34','46','10','23',2),(399,'2018-11-27 13:01:34','46','10','23',2),(400,'2018-11-27 13:01:34','46','9','23',2),(401,'2018-11-27 13:01:34','46','9','23',2),(402,'2018-11-27 13:01:34','46','10','23',2),(403,'2018-11-27 13:01:34','46','9','23',2),(404,'2018-11-27 13:01:35','46','10','23',2),(405,'2018-11-27 13:01:35','46','10','23',2),(406,'2018-11-27 13:01:35','46','10','23',2),(407,'2018-11-27 13:01:35','46','10','23',2),(408,'2018-11-27 13:01:35','46','10','23',2),(409,'2018-11-27 13:01:35','46','10','23',2),(410,'2018-11-27 13:01:35','46','10','23',2),(411,'2018-11-27 13:01:35','46','10','23',2),(412,'2018-11-27 13:01:35','46','9','23',2),(413,'2018-11-27 13:01:35','46','10','23',2),(414,'2018-11-27 13:01:35','46','10','23',2),(415,'2018-11-27 13:01:35','46','10','23',2),(416,'2018-11-27 13:01:35','46','10','23',2),(417,'2018-11-27 13:01:35','46','10','23',2),(418,'2018-11-27 13:01:35','46','10','23',2),(419,'2018-11-27 13:01:35','46','10','23',2),(420,'2018-11-27 13:01:35','46','10','23',2),(421,'2018-11-27 13:01:35','46','10','23',2),(422,'2018-11-27 13:01:35','46','10','23',2),(423,'2018-11-27 13:01:35','46','10','23',2),(424,'2018-11-27 13:01:35','46','10','23',2),(425,'2018-11-27 13:01:35','46','10','23',2),(426,'2018-11-27 13:01:35','46','9','23',2),(427,'2018-11-27 13:01:35','46','10','23',2),(428,'2018-11-27 13:01:35','46','10','23',2),(429,'2018-11-27 13:01:35','46','9','23',2),(430,'2018-11-27 13:01:35','46','10','23',2),(431,'2018-11-27 13:01:35','46','10','23',2),(432,'2018-11-27 13:01:35','46','10','23',2),(433,'2018-11-27 13:01:35','46','10','23',2),(434,'2018-11-27 13:01:35','46','9','23',2),(435,'2018-11-27 13:01:35','46','10','23',2),(436,'2018-11-27 13:01:35','46','10','23',2),(437,'2018-11-27 13:01:35','46','10','23',2),(438,'2018-11-27 13:01:35','46','10','23',2),(439,'2018-11-27 13:01:35','46','10','23',2),(440,'2018-11-27 13:01:35','46','10','23',2),(441,'2018-11-27 13:01:35','46','10','23',2),(442,'2018-11-27 13:01:35','46','10','23',2),(443,'2018-11-27 13:01:35','46','9','23',2),(444,'2018-11-27 13:01:35','46','10','23',2),(445,'2018-11-27 13:01:35','46','10','23',2),(446,'2018-11-27 13:01:35','46','10','23',2),(447,'2018-11-27 13:01:35','46','10','23',2),(448,'2018-11-27 13:01:35','46','9','23',2),(449,'2018-11-27 13:01:35','46','10','23',2),(450,'2018-11-27 13:01:35','46','10','23',2),(451,'2018-11-27 13:01:35','46','10','23',2),(452,'2018-11-27 13:01:35','46','10','23',2),(453,'2018-11-27 13:01:35','46','10','23',2),(454,'2018-11-27 13:01:35','46','10','23',2),(455,'2018-11-27 13:01:35','46','10','23',2),(456,'2018-11-27 13:01:35','46','10','23',2),(457,'2018-11-27 13:01:35','46','10','23',2),(458,'2018-11-27 13:01:35','46','10','23',2),(459,'2018-11-27 13:01:35','46','10','23',2),(460,'2018-11-27 13:01:35','46','10','23',2),(461,'2018-11-27 13:01:35','46','10','23',2),(462,'2018-11-27 13:01:35','46','10','23',2),(463,'2018-11-27 13:01:35','46','10','23',2),(464,'2018-11-27 13:01:35','46','10','23',2),(465,'2018-11-27 13:01:35','46','10','23',2),(466,'2018-11-27 13:01:35','46','10','23',2),(467,'2018-11-27 13:01:35','46','10','23',2),(468,'2018-11-27 13:01:35','46','10','23',2),(469,'2018-11-27 13:01:35','46','10','23',2),(470,'2018-11-27 13:01:35','46','10','23',2),(471,'2018-11-27 13:01:35','46','10','23',2),(472,'2018-11-27 13:01:35','46','10','23',2),(473,'2018-11-27 13:01:35','46','10','23',2),(474,'2018-11-27 13:01:35','46','10','23',2),(475,'2018-11-27 13:01:35','46','10','23',2),(476,'2018-11-27 13:01:35','46','10','23',2),(477,'2018-11-27 13:01:35','46','10','23',2),(478,'2018-11-27 13:01:35','46','10','23',2),(479,'2018-11-27 13:01:35','46','10','23',2),(480,'2018-11-27 13:01:35','46','10','23',2),(481,'2018-11-27 13:01:35','46','9','23',2),(482,'2018-11-27 13:01:35','46','10','23',2),(483,'2018-11-27 13:01:35','46','9','23',2),(484,'2018-11-27 13:01:35','46','10','23',2),(485,'2018-11-27 13:01:35','46','10','23',2),(486,'2018-11-27 13:01:35','46','10','23',2),(487,'2018-11-27 13:01:35','46','10','23',2),(488,'2018-11-27 13:01:35','46','10','23',2),(489,'2018-11-27 13:01:35','46','10','23',2),(490,'2018-11-27 13:01:36','46','10','23',2),(491,'2018-11-27 13:01:36','46','10','23',2),(492,'2018-11-27 13:01:36','46','10','23',2),(493,'2018-11-27 13:01:36','46','9','23',2),(494,'2018-11-27 13:01:36','46','10','23',2),(495,'2018-11-27 13:01:36','46','10','23',2),(496,'2018-11-27 13:01:36','46','10','23',2),(497,'2018-11-27 13:01:36','47','10','23',2),(498,'2018-11-27 13:01:36','47','10','23',2),(499,'2018-11-27 13:01:36','47','10','23',2),(500,'2018-11-27 13:01:36','46','10','23',2),(501,'2018-11-27 13:01:36','47','10','23',2),(502,'2018-11-27 13:01:36','47','9','23',2),(503,'2018-11-27 13:01:36','46','10','23',2),(504,'2018-11-27 13:01:36','47','10','23',2),(505,'2018-11-27 13:01:36','47','10','23',2),(506,'2018-11-27 13:01:36','47','10','23',2),(507,'2018-11-27 13:01:36','47','10','23',2),(508,'2018-11-27 13:01:36','47','10','23',2),(509,'2018-11-27 13:01:36','47','10','23',2),(510,'2018-11-27 13:01:36','47','10','23',2),(511,'2018-11-27 13:01:36','46','10','23',2),(512,'2018-11-27 13:01:36','46','10','23',2),(513,'2018-11-27 13:01:36','46','10','23',2),(514,'2018-11-27 13:01:36','46','10','23',2),(515,'2018-11-27 13:01:36','46','10','23',2),(516,'2018-11-27 13:01:36','46','10','23',2),(517,'2018-11-27 13:01:36','46','10','23',2),(518,'2018-11-27 13:01:36','46','10','23',2),(519,'2018-11-27 13:01:36','46','10','23',2),(520,'2018-11-27 13:01:36','46','10','23',2),(521,'2018-11-27 13:01:36','46','10','23',2),(522,'2018-11-27 13:01:36','46','10','23',2),(523,'2018-11-27 13:01:36','46','10','23',2),(524,'2018-11-27 13:01:36','46','10','23',2),(525,'2018-11-27 13:01:36','46','10','23',2),(526,'2018-11-27 13:01:36','46','10','23',2),(527,'2018-11-27 13:01:36','46','10','23',2),(528,'2018-11-27 13:01:36','46','10','23',2),(529,'2018-11-27 13:01:36','46','10','23',2),(530,'2018-11-27 13:01:36','46','10','23',2),(531,'2018-11-27 13:01:36','46','10','23',2),(532,'2018-11-27 13:01:36','47','9','23',2),(533,'2018-11-27 13:01:36','46','10','23',2),(534,'2018-11-27 13:01:36','47','10','23',2),(535,'2018-11-27 13:01:36','47','10','23',2),(536,'2018-11-27 13:01:36','46','10','23',2),(537,'2018-11-27 13:01:36','46','10','23',2),(538,'2018-11-27 13:01:36','47','10','23',2),(539,'2018-11-27 13:01:36','47','10','23',2),(540,'2018-11-27 13:01:36','46','10','23',2),(541,'2018-11-27 13:01:36','47','10','23',2),(542,'2018-11-27 13:01:36','47','9','23',2),(543,'2018-11-27 13:01:36','47','10','23',2),(544,'2018-11-27 13:01:36','47','10','23',2),(545,'2018-11-27 13:01:36','47','10','23',2),(546,'2018-11-27 13:01:36','47','10','23',2),(547,'2018-11-27 13:01:36','47','10','23',2),(548,'2018-11-27 13:01:36','47','10','23',2),(549,'2018-11-27 13:01:36','47','9','23',2),(550,'2018-11-27 13:01:36','47','10','23',2),(551,'2018-11-27 13:01:36','47','10','23',2),(552,'2018-11-27 13:01:36','47','10','23',2),(553,'2018-11-27 13:01:36','47','10','23',2),(554,'2018-11-27 13:01:36','47','10','23',2),(555,'2018-11-27 13:01:36','47','10','23',2),(556,'2018-11-27 13:01:36','47','10','23',2),(557,'2018-11-27 13:01:36','47','10','23',2),(558,'2018-11-27 13:01:36','47','10','23',2),(559,'2018-11-27 13:01:36','47','10','23',2),(560,'2018-11-27 13:01:36','47','10','23',2),(561,'2018-11-27 13:01:36','47','10','23',2),(562,'2018-11-27 13:01:36','47','10','23',2),(563,'2018-11-27 13:01:36','47','10','23',2),(564,'2018-11-27 13:01:36','47','10','23',2),(565,'2018-11-27 13:01:36','46','10','23',2),(566,'2018-11-27 13:01:36','47','9','23',2),(567,'2018-11-27 13:01:36','47','10','23',2),(568,'2018-11-27 13:01:36','47','10','23',2),(569,'2018-11-27 13:01:36','47','18','23',2),(570,'2018-11-27 13:01:36','47','12','23',2),(571,'2018-11-27 13:01:36','48','12','23',2),(572,'2018-11-27 13:01:36','47','12','23',2),(573,'2018-11-27 13:01:36','47','12','23',2),(574,'2018-11-27 13:01:36','47','12','23',2),(575,'2018-11-27 13:01:36','47','12','23',2),(576,'2018-11-27 13:01:36','47','12','23',2),(577,'2018-11-27 13:01:36','47','12','23',2),(578,'2018-11-27 13:01:36','47','12','23',2),(579,'2018-11-27 13:01:36','47','12','23',2),(580,'2018-11-27 13:01:36','47','12','23',2),(581,'2018-11-27 13:01:37','47','12','23',2),(582,'2018-11-27 13:01:37','47','12','23',2),(583,'2018-11-27 13:01:37','47','12','23',2),(584,'2018-11-27 13:01:37','47','12','23',2),(585,'2018-11-27 13:01:37','47','12','23',2),(586,'2018-11-27 13:01:37','47','12','23',2),(587,'2018-11-27 13:01:37','47','12','23',2),(588,'2018-11-27 13:01:37','47','12','23',2),(589,'2018-11-27 13:01:37','47','11','23',2),(590,'2018-11-27 13:01:37','47','12','23',2),(591,'2018-11-27 13:01:37','47','12','23',2),(592,'2018-11-27 13:01:37','47','12','23',2),(593,'2018-11-27 13:01:37','47','12','23',2),(594,'2018-11-27 13:01:37','47','12','23',2),(595,'2018-11-27 13:01:37','47','12','23',2),(596,'2018-11-27 13:01:37','47','12','23',2),(597,'2018-11-27 13:01:37','47','12','23',2),(598,'2018-11-27 13:01:37','47','12','23',2),(599,'2018-11-27 13:01:37','47','12','23',2),(600,'2018-11-27 13:01:37','47','12','23',2),(601,'2018-11-27 13:01:37','47','12','23',2),(602,'2018-11-27 13:01:37','47','12','23',2),(603,'2018-11-27 13:01:37','47','12','23',2),(604,'2018-11-27 13:01:37','47','12','23',2),(605,'2018-11-27 13:01:37','47','12','23',2),(606,'2018-11-27 13:01:37','47','12','23',2),(607,'2018-11-27 13:01:37','47','12','23',2),(608,'2018-11-27 13:01:37','47','12','23',2),(609,'2018-11-27 13:01:37','47','12','23',2),(610,'2018-11-27 13:01:37','47','12','23',2),(611,'2018-11-27 13:01:37','47','12','23',2),(612,'2018-11-27 13:01:37','47','12','23',2),(613,'2018-11-27 13:01:37','47','12','23',2),(614,'2018-11-27 13:01:37','47','12','23',2),(615,'2018-11-27 13:01:37','47','12','23',2),(616,'2018-11-27 13:01:37','47','12','23',2),(617,'2018-11-27 13:01:37','47','12','23',2),(618,'2018-11-27 13:01:37','47','12','23',2),(619,'2018-11-27 13:01:37','47','12','23',2),(620,'2018-11-27 13:01:37','47','12','23',2),(621,'2018-11-27 13:01:37','47','12','23',2),(622,'2018-11-27 13:01:37','47','11','23',2),(623,'2018-11-27 13:01:37','47','12','23',2),(624,'2018-11-27 13:01:37','47','12','23',2),(625,'2018-11-27 13:01:37','47','12','23',2),(626,'2018-11-27 13:01:37','47','12','23',2),(627,'2018-11-27 13:01:37','47','12','23',2),(628,'2018-11-27 13:01:37','47','12','23',2),(629,'2018-11-27 13:01:37','47','12','23',2),(630,'2018-11-27 13:01:37','47','12','23',2),(631,'2018-11-27 13:01:37','47','12','23',2),(632,'2018-11-27 13:01:37','47','12','23',2),(633,'2018-11-27 13:01:37','47','12','23',2),(634,'2018-11-27 13:01:37','47','12','23',2),(635,'2018-11-27 13:01:37','47','12','23',2),(636,'2018-11-27 13:01:37','47','12','23',2),(637,'2018-11-27 13:01:37','47','12','23',2),(638,'2018-11-27 13:01:37','47','12','23',2),(639,'2018-11-27 13:01:37','47','12','23',2),(640,'2018-11-27 13:01:37','47','12','23',2),(641,'2018-11-27 13:01:37','47','12','23',2),(642,'2018-11-27 13:01:37','47','12','23',2),(643,'2018-11-27 13:01:37','47','12','23',2),(644,'2018-11-27 13:01:37','47','11','23',2),(645,'2018-11-27 13:01:37','47','12','23',2),(646,'2018-11-27 13:01:37','47','12','23',2),(647,'2018-11-27 13:01:37','47','12','23',2),(648,'2018-11-27 13:01:37','47','12','23',2),(649,'2018-11-27 13:01:37','47','12','23',2),(650,'2018-11-27 13:01:37','47','12','23',2),(651,'2018-11-27 13:01:37','47','12','23',2),(652,'2018-11-27 13:01:37','47','12','23',2),(653,'2018-11-27 13:01:37','47','12','23',2),(654,'2018-11-27 13:01:37','47','12','23',2),(655,'2018-11-27 13:01:37','47','12','23',2),(656,'2018-11-27 13:01:37','47','11','23',2),(657,'2018-11-27 13:01:37','47','12','23',2),(658,'2018-11-27 13:01:37','47','12','23',2),(659,'2018-11-27 13:01:37','47','13','23',2),(660,'2018-11-27 13:01:37','47','12','23',2),(661,'2018-11-27 13:01:37','47','13','23',2),(662,'2018-11-27 13:01:37','46','12','23',2),(663,'2018-11-27 13:01:37','46','12','23',2),(664,'2018-11-27 13:01:37','45','12','23',2),(665,'2018-11-27 13:01:37','45','12','23',2),(666,'2018-11-27 13:01:37','45','12','23',2),(667,'2018-11-27 13:01:37','45','12','23',2),(668,'2018-11-27 13:01:37','45','12','23',2),(669,'2018-11-27 13:01:37','45','12','23',2),(670,'2018-11-27 13:01:37','45','12','23',2),(671,'2018-11-27 13:01:37','46','12','23',2),(672,'2018-11-27 13:01:37','46','12','23',2),(673,'2018-11-27 13:01:37','46','12','23',2),(674,'2018-11-27 13:01:37','46','12','23',2),(675,'2018-11-27 13:01:37','46','12','23',2),(676,'2018-11-27 13:01:37','46','12','23',2),(677,'2018-11-27 13:01:37','46','8','23',2),(678,'2018-11-27 23:46:32','58','10','22',2),(679,'2018-11-27 23:46:44','55','10','23',2),(680,'2018-11-27 23:46:54','55','10','23',2),(681,'2018-11-27 23:47:13','54','10','23',2),(682,'2018-11-27 23:47:13','54','10','23',2),(683,'2018-11-27 23:47:33','54','10','23',2),(684,'2018-11-27 23:47:34','54','10','23',2),(685,'2018-11-27 23:47:44','54','10','23',2),(686,'2018-11-27 23:47:55','54','10','23',2),(687,'2018-11-27 23:48:06','54','10','23',2),(688,'2018-11-27 23:48:16','54','10','23',2),(689,'2018-11-27 23:48:26','54','10','23',2),(691,'2018-11-27 23:48:44','54','10','23',3),(692,'2018-11-27 23:48:54','54','10','23',3),(693,'2018-11-27 23:49:04','54','10','23',3),(694,'2018-11-27 23:49:13','54','10','23',3),(695,'2018-11-27 23:49:47','54','11','23',3),(696,'2018-11-27 23:49:55','54','10','23',3),(697,'2018-11-27 23:50:05','54','10','23',3),(698,'2018-11-27 23:50:15','53','9','23',3),(699,'2018-11-27 23:50:27','53','10','23',3),(700,'2018-11-27 23:50:37','53','10','23',3),(701,'2018-11-27 23:50:46','52','10','23',3),(702,'2018-11-27 23:50:57','52','10','23',3),(703,'2018-11-27 23:51:07','51','10','23',3),(704,'2018-11-27 23:51:23','50','10','23',3),(705,'2018-11-27 23:51:29','50','10','23',3),(706,'2018-11-27 23:51:39','49','10','23',3),(707,'2018-11-27 23:51:48','49','10','23',3),(708,'2018-11-27 23:51:59','48','10','23',3),(709,'2018-11-27 23:52:09','48','10','23',3),(710,'2018-11-27 23:52:19','48','10','23',3),(711,'2018-11-27 23:52:39','48','11','23',3),(712,'2018-11-27 23:52:44','47','10','23',3),(713,'2018-11-27 23:52:50','47','10','23',3),(714,'2018-11-27 23:53:01','47','10','23',3),(715,'2018-11-27 23:53:20','47','10','23',3),(716,'2018-11-27 23:53:31','47','10','23',3),(717,'2018-11-27 23:53:33','47','10','23',3),(718,'2018-11-27 23:53:43','47','10','23',3),(719,'2018-11-27 23:53:52','47','10','23',3),(720,'2018-11-27 23:54:03','47','10','23',3),(721,'2018-11-27 23:54:13','46','11','23',3),(722,'2018-11-27 23:54:25','46','10','23',3),(723,'2018-11-27 23:54:35','46','10','23',3),(724,'2018-11-27 23:54:45','46','11','23',3),(725,'2018-11-27 23:54:56','46','11','23',3),(726,'2018-11-27 23:55:06','46','10','23',3),(727,'2018-11-27 23:55:15','46','10','23',3),(728,'2018-11-27 23:55:35','46','11','23',3),(729,'2018-11-27 23:55:37','46','10','23',3),(730,'2018-11-27 23:55:47','45','10','23',3),(731,'2018-11-27 23:56:06','45','10','23',3),(732,'2018-11-27 23:56:07','45','10','23',3),(733,'2018-11-27 23:56:17','45','10','23',3),(734,'2018-11-27 23:56:27','45','11','23',3),(735,'2018-11-27 23:56:38','45','10','23',3),(736,'2018-11-27 23:56:49','45','10','23',3),(737,'2018-11-27 23:56:59','45','11','23',3),(738,'2018-11-27 23:57:13','45','10','23',3),(739,'2018-11-27 23:57:19','45','10','23',3),(740,'2018-11-27 23:57:39','45','10','23',3),(741,'2018-11-27 23:57:40','44','10','23',3),(742,'2018-11-27 23:57:50','44','10','23',3),(743,'2018-11-27 23:58:04','44','10','23',3),(744,'2018-11-27 23:58:11','44','10','23',3),(745,'2018-11-27 23:58:25','44','10','23',3),(746,'2018-11-27 23:58:31','44','11','23',3),(747,'2018-11-27 23:58:42','44','11','23',3),(748,'2018-11-27 23:58:52','44','10','23',3),(749,'2018-11-27 23:59:19','44','11','23',3),(750,'2018-11-27 23:59:24','44','11','23',3),(751,'2018-11-27 23:59:33','44','10','23',3),(752,'2018-11-27 23:59:44','44','11','23',3),(753,'2018-11-27 23:59:54','44','10','23',3),(754,'2018-11-28 00:00:05','43','11','23',3),(755,'2018-11-28 00:00:16','43','10','23',3),(756,'2018-11-28 00:00:26','43','11','23',3),(757,'2018-11-28 00:00:37','43','10','23',3),(758,'2018-11-28 00:00:55','43','10','23',3),(759,'2018-11-28 00:00:56','43','10','23',3),(760,'2018-11-28 00:01:06','43','10','23',3),(761,'2018-11-28 00:01:17','43','10','23',3),(762,'2018-11-28 00:01:38','43','11','23',3),(763,'2018-11-28 00:01:38','43','10','23',3),(764,'2018-11-28 00:01:48','43','10','23',3),(765,'2018-11-28 00:01:59','43','10','23',3),(766,'2018-11-28 00:02:09','43','11','23',3),(767,'2018-11-28 00:02:23','43','10','23',3),(768,'2018-11-28 00:02:39','43','11','23',3),(769,'2018-11-28 00:02:39','43','10','23',3),(770,'2018-11-28 00:02:50','43','10','23',3),(771,'2018-11-28 00:03:00','42','10','23',3),(772,'2018-11-28 00:03:20','42','10','23',3),(773,'2018-11-28 00:03:24','42','10','23',3),(774,'2018-11-28 00:03:32','42','11','23',3),(775,'2018-11-28 00:03:41','42','10','23',3),(776,'2018-11-28 00:03:52','42','10','23',3),(777,'2018-11-28 00:04:03','42','10','23',3),(778,'2018-11-28 00:04:22','42','10','23',3),(779,'2018-11-28 00:04:22','42','10','23',3),(780,'2018-11-28 00:04:33','42','10','23',3),(781,'2018-11-28 00:04:43','42','10','23',3),(782,'2018-11-28 00:04:55','42','10','23',3),(783,'2018-11-28 00:05:04','42','10','23',3),(784,'2018-11-28 00:05:14','41','10','23',3),(785,'2018-11-28 00:05:25','41','10','23',3),(786,'2018-11-28 00:05:39','41','10','23',3),(787,'2018-11-28 00:05:46','41','10','23',3),(788,'2018-11-28 00:05:55','41','10','23',3),(789,'2018-11-28 00:06:06','41','11','23',3),(790,'2018-11-28 00:06:16','41','11','23',3),(791,'2018-11-28 00:06:26','42','11','23',3),(792,'2018-11-28 00:06:37','42','11','23',3),(793,'2018-11-28 00:06:47','42','12','23',3),(794,'2018-11-28 00:21:24','42','11','23',3),(795,'2018-11-28 00:21:24','42','12','23',3),(796,'2018-11-28 00:21:24','42','11','23',3),(797,'2018-11-28 00:21:24','43','11','23',3),(798,'2018-11-28 00:21:24','43','11','23',3),(799,'2018-11-28 00:21:24','43','12','23',3),(800,'2018-11-28 00:21:24','43','11','23',3),(801,'2018-11-28 00:21:24','43','12','23',3),(802,'2018-11-28 00:21:24','43','11','23',3),(803,'2018-11-28 00:21:24','43','11','23',3),(804,'2018-11-28 00:21:24','43','11','23',3),(805,'2018-11-28 00:21:24','43','11','23',3),(806,'2018-11-28 00:21:24','43','11','23',3),(807,'2018-11-28 00:21:24','43','12','23',3),(808,'2018-11-28 00:21:24','43','11','23',3),(809,'2018-11-28 00:21:24','43','11','23',3),(810,'2018-11-28 00:21:24','43','11','23',3),(811,'2018-11-28 00:21:24','43','11','23',3),(812,'2018-11-28 00:21:24','43','11','23',3),(813,'2018-11-28 00:21:24','43','11','23',3),(814,'2018-11-28 00:21:24','43','11','23',3),(815,'2018-11-28 00:21:24','43','11','23',3),(816,'2018-11-28 00:21:24','43','12','23',3),(817,'2018-11-28 00:21:24','43','12','23',3),(818,'2018-11-28 00:21:24','43','11','23',3),(819,'2018-11-28 00:21:24','43','11','23',3),(820,'2018-11-28 00:21:24','43','11','23',3),(821,'2018-11-28 00:21:24','43','11','23',3),(822,'2018-11-28 00:21:24','43','12','23',3),(823,'2018-11-28 00:21:24','43','12','23',3),(824,'2018-11-28 00:21:24','43','12','23',3),(825,'2018-11-28 00:21:24','43','11','23',3),(826,'2018-11-28 00:21:24','43','11','23',3),(827,'2018-11-28 00:21:24','43','11','23',3),(828,'2018-11-28 00:21:24','43','11','23',3),(829,'2018-11-28 00:21:24','43','12','23',3),(830,'2018-11-28 00:21:24','43','11','23',3),(831,'2018-11-28 00:21:24','43','12','23',3),(832,'2018-11-28 00:21:24','43','11','23',3),(833,'2018-11-28 00:21:24','43','11','23',3),(834,'2018-11-28 00:21:24','43','11','23',3),(835,'2018-11-28 00:21:24','43','11','23',3),(836,'2018-11-28 00:21:24','43','11','23',3),(837,'2018-11-28 00:21:24','42','12','23',3),(838,'2018-11-28 00:21:24','42','12','23',3),(839,'2018-11-28 00:21:24','42','11','23',3),(840,'2018-11-28 00:21:24','42','12','23',3),(841,'2018-11-28 00:21:24','42','11','23',3),(842,'2018-11-28 00:21:24','42','11','23',3),(843,'2018-11-28 00:21:24','42','11','23',3),(844,'2018-11-28 00:21:24','42','12','23',3),(845,'2018-11-28 00:21:24','42','11','23',3),(846,'2018-11-28 00:21:24','42','12','23',3),(847,'2018-11-28 00:21:24','42','11','23',3),(848,'2018-11-28 00:21:24','42','11','23',3),(849,'2018-11-28 00:21:24','42','11','23',3),(850,'2018-11-28 00:21:24','42','11','23',3),(851,'2018-11-28 00:21:24','42','11','23',3),(852,'2018-11-28 00:21:24','42','12','23',3),(853,'2018-11-28 00:21:24','42','12','23',3),(854,'2018-11-28 00:21:24','42','11','23',3),(855,'2018-11-28 00:21:24','42','12','23',3),(856,'2018-11-28 00:21:24','42','11','23',3),(857,'2018-11-28 00:21:24','42','11','23',3),(858,'2018-11-28 00:21:24','42','11','23',3),(859,'2018-11-28 00:21:24','42','11','23',3),(860,'2018-11-28 00:21:24','42','11','23',3),(861,'2018-11-28 00:21:24','42','12','23',3),(862,'2018-11-28 00:21:24','42','11','23',3),(863,'2018-11-28 00:21:24','42','11','23',3),(864,'2018-11-28 00:21:25','42','11','23',3),(865,'2018-11-28 00:21:25','41','12','23',3),(866,'2018-11-28 00:21:25','41','11','23',3),(867,'2018-11-28 00:21:25','41','11','23',3),(868,'2018-11-28 00:21:25','41','12','23',3),(869,'2018-11-28 00:21:25','41','11','23',3),(870,'2018-11-28 00:21:25','41','11','23',3),(871,'2018-11-28 00:21:25','41','11','23',3),(872,'2018-11-28 00:21:25','41','11','23',3),(873,'2018-11-28 00:21:25','41','12','23',3),(874,'2018-11-28 00:21:25','41','11','23',3),(875,'2018-11-28 00:21:25','41','12','23',3),(876,'2018-11-28 00:21:25','41','12','23',3),(877,'2018-11-28 00:21:39','41','12','23',3),(878,'2018-11-28 00:21:47','41','11','23',3),(879,'2018-11-28 00:21:56','41','12','23',3),(880,'2018-11-28 00:22:08','41','11','23',3),(881,'2018-11-28 00:22:18','41','11','23',3),(882,'2018-11-28 00:22:27','41','11','23',3),(883,'2018-11-28 00:22:37','41','12','23',3),(884,'2018-11-28 00:22:48','41','11','23',3),(885,'2018-11-28 00:22:59','41','11','23',3),(886,'2018-11-28 00:23:08','41','11','23',3),(887,'2018-11-28 00:23:19','41','11','23',3),(888,'2018-11-28 00:23:30','41','11','23',3),(889,'2018-11-28 00:23:49','41','12','23',3),(890,'2018-11-28 00:23:50','41','12','23',3),(891,'2018-11-28 00:24:00','41','11','23',3),(892,'2018-11-28 00:24:10','41','12','23',3),(893,'2018-11-28 00:24:22','41','12','23',3),(894,'2018-11-28 00:24:32','41','11','23',3),(895,'2018-11-28 00:24:43','41','11','23',3),(896,'2018-11-28 00:24:53','41','11','23',3),(897,'2018-11-28 00:25:02','41','12','23',3),(898,'2018-11-28 00:25:14','41','11','23',3),(899,'2018-11-28 00:25:23','41','11','23',3),(900,'2018-11-28 00:25:34','41','12','23',3),(901,'2018-11-28 00:25:43','40','11','23',3),(902,'2018-11-28 00:25:54','40','11','23',3),(903,'2018-11-28 00:26:04','40','11','23',3),(904,'2018-11-28 00:26:16','40','12','23',3),(905,'2018-11-28 00:26:25','40','11','23',3),(906,'2018-11-28 00:26:35','40','11','23',3),(907,'2018-11-28 00:26:45','40','11','23',3),(908,'2018-11-28 00:26:57','40','11','23',3),(909,'2018-11-28 00:27:07','40','11','23',3),(910,'2018-11-28 00:27:16','40','11','23',3),(911,'2018-11-28 00:27:28','40','11','23',3),(912,'2018-11-28 00:27:39','40','12','23',3),(913,'2018-11-28 00:27:47','40','12','23',3),(914,'2018-11-28 00:27:57','40','11','23',3),(915,'2018-11-28 00:28:09','40','11','23',3),(916,'2018-11-28 00:28:18','40','11','23',3),(917,'2018-11-28 00:28:29','40','12','23',3),(918,'2018-11-28 00:28:39','40','11','23',3),(919,'2018-11-28 00:28:49','40','11','23',3),(920,'2018-11-28 00:29:01','40','12','23',3),(921,'2018-11-28 00:29:26','39','11','23',3),(922,'2018-11-28 00:29:31','39','11','23',3),(923,'2018-11-28 00:29:42','39','11','23',3),(924,'2018-11-28 00:29:54','39','11','23',3),(925,'2018-11-28 00:30:02','39','11','23',3),(926,'2018-11-28 00:30:12','39','11','23',3),(927,'2018-11-28 00:30:22','39','11','23',3),(928,'2018-11-28 00:30:33','39','11','23',3),(929,'2018-11-28 00:30:47','39','12','23',3),(930,'2018-11-28 00:30:54','39','12','23',3),(931,'2018-11-28 00:31:05','39','12','23',3),(932,'2018-11-28 00:31:15','39','11','23',3),(933,'2018-11-28 00:31:24','39','12','23',3),(934,'2018-11-28 00:31:34','39','12','23',3),(935,'2018-11-28 00:31:45','39','12','23',3),(936,'2018-11-28 00:32:00','39','12','23',3),(937,'2018-11-28 00:32:07','39','12','23',3),(938,'2018-11-28 00:32:17','39','12','23',3),(939,'2018-11-28 00:32:28','39','11','23',3),(940,'2018-11-28 00:32:37','39','12','23',3),(941,'2018-11-28 00:32:47','39','11','23',3),(942,'2018-11-28 00:32:57','39','12','23',3),(943,'2018-11-28 00:33:07','39','11','23',3),(944,'2018-11-28 00:33:28','39','11','23',3),(945,'2018-11-28 00:33:28','39','11','23',3),(946,'2018-11-28 00:33:38','39','11','23',3),(947,'2018-11-28 00:34:05','39','11','23',3),(948,'2018-11-28 00:34:19','39','11','23',3),(949,'2018-11-28 00:34:43','39','11','23',3),(950,'2018-11-28 00:34:52','39','11','23',3),(951,'2018-11-28 00:35:02','39','11','23',3),(952,'2018-11-28 00:35:12','39','11','23',3),(953,'2018-11-28 00:35:32','39','11','23',3),(954,'2018-11-28 00:35:32','39','11','23',3),(955,'2018-11-28 00:35:44','39','11','23',3),(956,'2018-11-28 00:35:54','39','11','23',3),(957,'2018-11-28 00:36:13','39','11','23',3),(958,'2018-11-28 00:36:15','39','11','23',3),(959,'2018-11-28 00:36:24','39','12','23',3),(960,'2018-11-28 00:36:34','39','11','23',3),(961,'2018-11-28 00:36:45','39','11','23',3),(962,'2018-11-28 00:36:55','39','11','23',3),(963,'2018-11-28 00:37:05','39','11','23',3),(964,'2018-11-28 00:37:16','38','11','23',3),(965,'2018-11-28 00:37:26','38','11','23',3),(967,'2018-11-30 12:50:14','40','301','23',4),(968,'2018-11-30 12:50:14','40','300','23',4),(969,'2018-11-30 12:50:14','40','300','23',4),(970,'2018-11-30 12:50:14','40','299','23',4),(971,'2018-11-30 12:50:14','40','299','23',4),(972,'2018-11-30 12:50:14','40','299','23',4),(973,'2018-11-30 12:50:15','40','299','23',4),(974,'2018-11-30 12:50:15','40','299','23',4),(975,'2018-11-30 12:50:15','40','297','23',4),(976,'2018-11-30 12:50:15','40','298','23',4),(977,'2018-11-30 12:50:15','40','298','23',4),(978,'2018-11-30 12:50:18','40','297','23',4),(979,'2018-11-30 12:50:28','40','297','23',4),(980,'2018-11-30 12:50:40','40','296','23',4),(981,'2018-11-30 12:50:59','40','296','23',4),(983,'2018-11-30 12:51:23','40','301','23',5),(984,'2018-11-30 12:51:31','41','300','23',5),(985,'2018-11-30 12:51:41','41','300','23',5),(986,'2018-11-30 12:51:52','41','297','23',5),(987,'2018-11-30 12:52:03','41','307','23',5),(988,'2018-11-30 12:52:13','41','306','23',5),(989,'2018-11-30 12:52:27','41','306','23',5),(990,'2018-11-30 12:52:33','41','306','23',5),(991,'2018-11-30 12:52:43','41','305','23',5),(992,'2018-11-30 12:52:54','41','306','23',5),(993,'2018-11-30 12:53:05','41','306','23',5),(995,'2018-11-30 12:53:15','40','306','23',5),(996,'2018-11-30 12:53:30','40','305','23',5),(997,'2018-11-30 12:53:36','40','307','23',5),(998,'2018-11-30 12:53:45','40','305','23',5),(999,'2018-11-30 12:53:56','40','305','23',5),(1000,'2018-11-30 12:54:06','40','305','23',5),(1001,'2018-11-30 12:54:17','41','305','23',5),(1002,'2018-11-30 12:54:28','41','276','23',5),(1003,'2018-11-30 12:54:38','41','274','23',5),(1004,'2018-11-30 12:54:47','41','274','23',5),(1005,'2018-11-30 12:54:58','41','282','23',5),(1006,'2018-11-30 12:55:08','41','277','23',5),(1007,'2018-11-30 12:55:18','41','282','23',5),(1008,'2018-11-30 12:55:30','41','282','23',5),(1009,'2018-11-30 12:55:43','41','283','23',5),(1010,'2018-11-30 12:55:51','41','283','23',5),(1011,'2018-11-30 12:56:00','41','282','23',5),(1012,'2018-11-30 12:56:10','41','283','23',5),(1013,'2018-11-30 12:56:20','41','283','23',5),(1014,'2018-11-30 12:56:31','41','283','23',5),(1015,'2018-11-30 12:56:42','41','284','23',5),(1016,'2018-11-30 12:56:52','41','282','23',5),(1017,'2018-11-30 12:57:03','41','284','23',5),(1018,'2018-11-30 12:57:12','41','281','23',5),(1019,'2018-11-30 12:57:22','41','282','23',5),(1020,'2018-11-30 12:57:33','41','282','23',5),(1021,'2018-11-30 12:58:47','41','281','23',5),(1022,'2018-11-30 12:58:47','41','282','23',5),(1023,'2018-11-30 12:58:47','41','282','23',5),(1024,'2018-11-30 12:58:47','41','283','23',5),(1025,'2018-11-30 12:58:47','41','282','23',5),(1026,'2018-11-30 12:58:47','41','281','23',5),(1027,'2018-11-30 12:58:47','41','283','23',5),(1028,'2018-11-30 12:58:59','41','273','23',5),(1029,'2018-11-30 12:59:09','41','282','23',5),(1030,'2018-11-30 12:59:20','41','282','23',5),(1031,'2018-11-30 12:59:26','41','282','23',5),(1032,'2018-11-30 12:59:36','41','282','23',5),(1033,'2018-11-30 12:59:47','41','281','23',5),(1034,'2018-11-30 12:59:57','41','282','23',5),(1035,'2018-11-30 13:00:08','41','275','23',5),(1036,'2018-11-30 13:00:19','41','278','23',5),(1037,'2018-11-30 13:00:32','41','273','23',5),(1038,'2018-11-30 13:00:38','41','267','23',5),(1039,'2018-11-30 13:00:49','41','270','23',5),(1040,'2018-11-30 13:00:59','41','241','23',5),(1041,'2018-11-30 13:01:11','41','236','23',5),(1042,'2018-11-30 13:01:29','41','235','23',5),(1043,'2018-11-30 13:01:34','41','238','23',5),(1044,'2018-11-30 13:01:42','41','248','23',5),(1045,'2018-11-30 13:01:51','41','250','23',5),(1046,'2018-11-30 13:02:01','41','251','23',5),(1047,'2018-11-30 13:02:11','41','243','23',5),(1048,'2018-11-30 13:02:31','41','232','23',5),(1049,'2018-11-30 13:02:32','41','242','23',5),(1050,'2018-11-30 13:02:46','41','243','23',5),(1051,'2018-11-30 13:03:02','41','240','23',5),(1052,'2018-11-30 13:03:03','41','240','23',5),(1053,'2018-11-30 13:03:13','41','241','23',5),(1054,'2018-11-30 13:03:24','41','241','23',5),(1055,'2018-11-30 13:03:44','41','241','23',5),(1056,'2018-11-30 13:03:48','41','241','23',5),(1057,'2018-11-30 13:03:58','41','243','23',5),(1058,'2018-11-30 13:04:06','41','243','23',5),(1059,'2018-11-30 13:04:15','41','276','23',5),(1060,'2018-11-30 13:04:26','41','284','23',5),(1061,'2018-11-30 13:04:36','41','284','23',5),(1062,'2018-11-30 13:04:46','41','283','23',5),(1063,'2018-11-30 13:04:57','41','284','23',5),(1064,'2018-11-30 13:05:08','41','272','23',5),(1065,'2018-11-30 13:05:17','41','283','23',5),(1066,'2018-11-30 13:05:28','41','283','23',5),(1067,'2018-11-30 13:05:38','41','276','23',5),(1068,'2018-11-30 13:05:48','41','281','23',5),(1069,'2018-11-30 13:06:00','41','283','23',5),(1070,'2018-11-30 13:06:20','41','282','23',5),(1071,'2018-11-30 13:06:20','41','283','23',5),(1072,'2018-11-30 13:06:30','41','278','23',5),(1073,'2018-11-30 13:06:40','41','232','23',5),(1074,'2018-11-30 13:06:50','41','232','23',5),(1075,'2018-11-30 13:07:10','41','232','23',5),(1076,'2018-11-30 13:07:15','41','232','23',5),(1077,'2018-11-30 13:07:22','41','234','23',5),(1078,'2018-11-30 13:07:33','41','233','23',5),(1079,'2018-11-30 13:07:42','41','236','23',5),(1080,'2018-11-30 13:07:52','41','242','23',5),(1081,'2018-11-30 13:08:02','41','236','23',5),(1082,'2018-11-30 13:08:14','41','240','23',5),(1083,'2018-11-30 13:08:24','41','201','23',5),(1084,'2018-11-30 13:08:34','41','202','23',5),(1085,'2018-11-30 13:08:45','41','201','23',5),(1086,'2018-11-30 13:08:54','41','225','23',5),(1087,'2018-11-30 13:09:04','41','225','23',5),(1088,'2018-11-30 13:09:15','41','206','23',5),(1089,'2018-11-30 13:09:25','41','207','23',5),(1090,'2018-11-30 13:09:37','41','205','23',5),(1091,'2018-11-30 13:09:50','41','206','24',5),(1092,'2018-11-30 13:09:57','40','205','24',5),(1093,'2018-11-30 13:10:06','40','180','24',5),(1094,'2018-11-30 13:10:17','40','180','24',5),(1095,'2018-11-30 13:10:27','39','179','24',5),(1096,'2018-11-30 13:10:47','39','179','24',5),(1097,'2018-11-30 13:10:49','39','178','24',5),(1098,'2018-11-30 13:11:08','39','180','24',5),(1099,'2018-11-30 13:11:08','39','177','24',5),(1100,'2018-11-30 13:11:19','39','177','24',5),(1101,'2018-11-30 13:11:29','40','177','24',5),(1102,'2018-11-30 13:11:45','40','177','24',5),(1103,'2018-11-30 13:11:50','40','178','24',5),(1104,'2018-11-30 13:12:01','40','177','24',5),(1105,'2018-11-30 13:12:14','40','178','24',5),(1106,'2018-11-30 13:12:21','40','178','24',5),(1107,'2018-11-30 13:12:31','40','178','24',5),(1108,'2018-11-30 13:12:41','40','160','24',5),(1109,'2018-11-30 13:12:56','40','172','24',5),(1110,'2018-11-30 13:13:03','40','172','24',5),(1111,'2018-11-30 13:13:13','40','174','24',5),(1112,'2018-11-30 13:13:24','40','287','24',5),(1113,'2018-11-30 13:13:33','40','287','24',5),(1114,'2018-11-30 13:13:43','40','287','24',5),(1115,'2018-11-30 13:13:54','40','286','24',5),(1116,'2018-11-30 13:14:17','40','246','24',5),(1117,'2018-11-30 13:14:27','40','246','24',5),(1118,'2018-11-30 13:14:38','40','247','24',5),(1119,'2018-11-30 13:14:49','40','248','24',5),(1120,'2018-11-30 13:15:00','40','248','24',5),(1121,'2018-11-30 13:15:10','40','248','24',5),(1122,'2018-11-30 13:15:19','40','249','24',5),(1123,'2018-11-30 13:15:29','40','249','24',5),(1124,'2018-11-30 13:15:40','40','248','24',5),(1125,'2018-11-30 13:15:50','40','248','24',5),(1126,'2018-11-30 13:16:04','40','249','24',5),(1127,'2018-11-30 13:16:11','40','248','24',5),(1128,'2018-11-30 13:16:25','40','248','24',5),(1129,'2018-11-30 13:16:31','40','248','24',5),(1130,'2018-11-30 13:16:42','40','247','24',5),(1131,'2018-11-30 13:16:52','40','246','24',5),(1132,'2018-11-30 13:17:04','41','249','24',5),(1133,'2018-11-30 13:17:22','41','248','24',5),(1134,'2018-11-30 13:17:33','40','245','24',5),(1135,'2018-11-30 13:17:34','40','252','24',5),(1136,'2018-11-30 13:17:44','40','251','24',5),(1137,'2018-11-30 13:17:54','41','246','24',5),(1138,'2018-11-30 13:18:05','41','248','24',5),(1139,'2018-11-30 13:18:16','40','243','24',5),(1140,'2018-11-30 13:18:26','40','242','24',5),(1141,'2018-11-30 13:18:37','40','243','24',5),(1142,'2018-11-30 13:18:46','40','242','24',5),(1143,'2018-11-30 13:18:56','40','240','24',5),(1144,'2018-11-30 13:19:06','40','240','24',5),(1145,'2018-11-30 13:19:18','40','240','24',5),(1146,'2018-11-30 13:19:28','40','238','24',5),(1147,'2018-11-30 13:19:37','40','239','24',5),(1148,'2018-11-30 13:19:49','40','239','24',5),(1149,'2018-11-30 13:19:58','41','239','24',5),(1150,'2018-11-30 13:20:08','41','238','24',5),(1151,'2018-11-30 13:20:19','41','238','24',5),(1152,'2018-11-30 13:20:30','41','239','24',5),(1153,'2018-11-30 13:20:43','41','239','24',5),(1154,'2018-11-30 13:20:51','41','239','24',5),(1155,'2018-11-30 13:21:00','41','238','24',5),(1156,'2018-11-30 13:21:10','41','242','24',5),(1157,'2018-11-30 13:21:20','41','237','24',5),(1158,'2018-11-30 13:21:35','41','225','24',5),(1159,'2018-11-30 13:21:45','41','223','24',5),(1160,'2018-11-30 13:22:02','41','221','24',5),(1161,'2018-11-30 13:22:03','41','220','24',5),(1162,'2018-11-30 13:22:12','41','219','24',5),(1163,'2018-11-30 13:22:23','41','220','24',5),(1164,'2018-11-30 13:22:38','41','217','24',5),(1165,'2018-11-30 13:22:43','41','217','24',5),(1166,'2018-11-30 13:22:54','41','216','24',5),(1167,'2018-12-01 22:21:29','2147483647','6','2147483647',5),(1168,'2018-12-01 22:21:39','2147483647','6','2147483647',5),(1169,'2018-12-01 22:21:49','2147483647','6','2147483647',5),(1170,'2018-12-01 22:22:00','2147483647','6','2147483647',5),(1171,'2018-12-01 22:22:10','2147483647','6','2147483647',5),(1172,'2018-12-01 22:22:21','2147483647','6','2147483647',5),(1173,'2018-12-01 22:22:31','2147483647','6','2147483647',5),(1174,'2018-12-01 22:22:41','2147483647','6','2147483647',5),(1175,'2018-12-01 22:22:52','2147483647','5','2147483647',5),(1176,'2018-12-01 22:23:02','2147483647','6','2147483647',5),(1177,'2018-12-01 22:23:12','2147483647','6','2147483647',5),(1178,'2018-12-01 22:23:23','2147483647','6','2147483647',5),(1179,'2018-12-01 22:23:33','2147483647','6','2147483647',5),(1180,'2018-12-01 22:23:44','2147483647','6','2147483647',5),(1181,'2018-12-01 22:23:54','2147483647','6','2147483647',5),(1182,'2018-12-01 22:24:04','2147483647','6','2147483647',5),(1183,'2018-12-01 22:24:15','2147483647','6','2147483647',5),(1184,'2018-12-01 22:24:25','2147483647','6','2147483647',5),(1185,'2018-12-01 22:24:36','2147483647','7','2147483647',5),(1186,'2018-12-01 22:24:46','2147483647','6','2147483647',5),(1187,'2018-12-01 22:24:56','2147483647','6','2147483647',5),(1188,'2018-12-01 22:25:07','2147483647','6','2147483647',5),(1189,'2018-12-01 22:25:17','2147483647','6','2147483647',5),(1190,'2018-12-01 22:25:27','2147483647','6','2147483647',5),(1191,'2018-12-01 22:25:38','2147483647','6','2147483647',5),(1192,'2018-12-01 22:25:48','2147483647','6','2147483647',5),(1193,'2018-12-01 22:25:58','2147483647','6','2147483647',5),(1194,'2018-12-01 22:26:09','2147483647','6','2147483647',5),(1195,'2018-12-01 22:26:19','2147483647','6','2147483647',5),(1196,'2018-12-01 22:26:30','2147483647','6','2147483647',5),(1197,'2018-12-01 22:26:40','2147483647','6','2147483647',5),(1198,'2018-12-01 22:26:50','2147483647','6','2147483647',5),(1199,'2018-12-01 22:27:01','2147483647','6','2147483647',5),(1200,'2018-12-01 22:27:11','2147483647','7','2147483647',5),(1201,'2018-12-01 22:27:21','2147483647','6','2147483647',5),(1202,'2018-12-01 22:27:32','2147483647','6','2147483647',5),(1203,'2018-12-01 22:27:42','2147483647','6','2147483647',5),(1204,'2018-12-01 22:27:53','2147483647','7','2147483647',5),(1205,'2018-12-01 22:28:03','2147483647','6','2147483647',5),(1206,'2018-12-01 22:28:13','2147483647','6','2147483647',5),(1207,'2018-12-01 22:28:24','2147483647','6','2147483647',5),(1208,'2018-12-01 22:28:34','2147483647','7','2147483647',5),(1209,'2018-12-01 22:28:44','2147483647','6','2147483647',5),(1210,'2018-12-01 22:28:55','2147483647','6','2147483647',5),(1211,'2018-12-01 22:29:05','2147483647','6','2147483647',5),(1212,'2018-12-01 22:29:16','2147483647','6','2147483647',5),(1213,'2018-12-01 22:29:26','2147483647','6','2147483647',5),(1214,'2018-12-01 22:29:36','2147483647','7','2147483647',5),(1215,'2018-12-01 22:29:47','2147483647','7','2147483647',5),(1216,'2018-12-01 22:29:57','2147483647','6','2147483647',5),(1217,'2018-12-01 22:30:07','2147483647','6','2147483647',5),(1218,'2018-12-01 22:30:18','2147483647','6','2147483647',5),(1219,'2018-12-01 22:30:28','2147483647','6','2147483647',5),(1220,'2018-12-01 22:30:39','2147483647','6','2147483647',5),(1221,'2018-12-01 22:30:49','2147483647','7','2147483647',5),(1222,'2018-12-01 22:30:59','2147483647','6','2147483647',5),(1223,'2018-12-01 22:31:10','2147483647','6','2147483647',5),(1224,'2018-12-01 22:31:20','2147483647','6','2147483647',5),(1225,'2018-12-01 22:31:30','2147483647','6','2147483647',5),(1226,'2018-12-01 22:31:41','2147483647','6','2147483647',5),(1227,'2018-12-01 22:31:51','2147483647','6','2147483647',5),(1228,'2018-12-01 22:32:02','2147483647','6','2147483647',5),(1229,'2018-12-01 22:32:12','2147483647','7','2147483647',5),(1230,'2018-12-01 22:32:22','2147483647','6','2147483647',5),(1231,'2018-12-01 22:32:33','2147483647','6','2147483647',5),(1232,'2018-12-01 22:32:43','2147483647','6','2147483647',5),(1233,'2018-12-01 22:32:53','2147483647','7','2147483647',5),(1234,'2018-12-01 22:33:04','2147483647','7','2147483647',5),(1235,'2018-12-01 22:33:16','2147483647','6','2147483647',5),(1236,'2018-12-01 22:33:25','2147483647','7','2147483647',5),(1237,'2018-12-01 22:33:35','2147483647','7','2147483647',5),(1238,'2018-12-01 22:33:45','2147483647','7','2147483647',5),(1239,'2018-12-01 22:33:56','2147483647','7','2147483647',5),(1240,'2018-12-01 22:34:06','2147483647','7','2147483647',5),(1241,'2018-12-01 22:34:16','2147483647','6','2147483647',5),(1242,'2018-12-01 22:34:27','2147483647','6','2147483647',5),(1243,'2018-12-01 22:34:37','2147483647','7','2147483647',5),(1244,'2018-12-01 22:34:48','2147483647','7','2147483647',5),(1245,'2018-12-01 22:34:58','2147483647','7','2147483647',5),(1246,'2018-12-01 22:35:08','2147483647','6','2147483647',5),(1247,'2018-12-01 22:35:19','2147483647','7','2147483647',5),(1248,'2018-12-01 22:35:29','2147483647','7','2147483647',5),(1249,'2018-12-01 22:35:39','2147483647','6','2147483647',5),(1250,'2018-12-01 22:35:50','2147483647','7','2147483647',5),(1251,'2018-12-01 22:36:00','2147483647','7','2147483647',5),(1252,'2018-12-01 22:36:11','2147483647','7','2147483647',5),(1253,'2018-12-01 22:36:21','2147483647','6','2147483647',5),(1254,'2018-12-01 22:36:31','2147483647','7','2147483647',5),(1255,'2018-12-01 22:36:42','2147483647','7','2147483647',5),(1256,'2018-12-01 22:36:52','2147483647','6','2147483647',5),(1257,'2018-12-01 22:37:02','2147483647','7','2147483647',5),(1258,'2018-12-01 22:37:13','2147483647','6','2147483647',5),(1259,'2018-12-01 22:37:23','2147483647','6','2147483647',5),(1260,'2018-12-01 22:37:34','2147483647','6','2147483647',5),(1261,'2018-12-01 22:37:44','2147483647','6','2147483647',5),(1262,'2018-12-01 22:37:54','2147483647','6','2147483647',5),(1263,'2018-12-01 22:38:05','2147483647','6','2147483647',5),(1264,'2018-12-01 22:38:15','2147483647','6','2147483647',5),(1265,'2018-12-01 22:38:25','2147483647','6','2147483647',5),(1266,'2018-12-01 22:38:36','2147483647','6','2147483647',5),(1267,'2018-12-01 22:38:46','2147483647','6','2147483647',5),(1268,'2018-12-01 22:38:57','2147483647','7','2147483647',5),(1269,'2018-12-01 22:39:08','2147483647','6','2147483647',5),(1270,'2018-12-01 22:39:17','2147483647','7','2147483647',5),(1271,'2018-12-01 22:39:28','2147483647','6','2147483647',5),(1272,'2018-12-01 22:39:38','2147483647','7','2147483647',5),(1273,'2018-12-01 22:39:48','2147483647','6','2147483647',5),(1274,'2018-12-01 22:39:59','2147483647','6','2147483647',5),(1275,'2018-12-01 22:40:09','2147483647','6','2147483647',5),(1276,'2018-12-01 22:40:20','2147483647','7','2147483647',5),(1277,'2018-12-01 22:40:30','2147483647','6','2147483647',5),(1278,'2018-12-01 22:40:40','2147483647','7','2147483647',5),(1279,'2018-12-01 22:40:51','2147483647','6','2147483647',5),(1280,'2018-12-01 22:41:01','2147483647','6','2147483647',5),(1281,'2018-12-01 22:41:11','2147483647','6','2147483647',5),(1282,'2018-12-01 22:41:22','2147483647','6','2147483647',5),(1283,'2018-12-01 22:41:32','2147483647','6','2147483647',5),(1284,'2018-12-01 22:41:43','2147483647','6','2147483647',5),(1285,'2018-12-01 22:41:53','2147483647','7','2147483647',5),(1286,'2018-12-01 22:42:03','2147483647','6','2147483647',5),(1287,'2018-12-01 22:42:14','2147483647','6','2147483647',5),(1288,'2018-12-01 22:42:24','2147483647','6','2147483647',5),(1289,'2018-12-01 22:42:34','2147483647','6','2147483647',5),(1290,'2018-12-01 22:42:45','2147483647','6','2147483647',5),(1291,'2018-12-01 22:42:55','2147483647','7','2147483647',5),(1292,'2018-12-01 22:43:06','2147483647','7','2147483647',5),(1293,'2018-12-01 22:43:16','2147483647','7','2147483647',5),(1294,'2018-12-01 22:43:26','2147483647','6','2147483647',5),(1295,'2018-12-01 22:43:37','2147483647','7','2147483647',5),(1296,'2018-12-01 22:43:47','2147483647','6','2147483647',5),(1297,'2018-12-01 22:43:57','2147483647','6','2147483647',5),(1298,'2018-12-01 22:44:08','2147483647','6','2147483647',5),(1299,'2018-12-01 22:44:18','2147483647','7','2147483647',5),(1300,'2018-12-01 22:44:29','2147483647','6','2147483647',5),(1301,'2018-12-01 22:44:39','2147483647','6','2147483647',5),(1302,'2018-12-01 22:44:49','2147483647','6','2147483647',5),(1303,'2018-12-01 22:45:00','2147483647','6','2147483647',5),(1304,'2018-12-01 22:45:10','2147483647','7','2147483647',5),(1305,'2018-12-01 22:45:20','2147483647','7','2147483647',5),(1306,'2018-12-01 22:45:31','2147483647','7','2147483647',5),(1307,'2018-12-01 22:45:41','2147483647','6','2147483647',5),(1308,'2018-12-01 22:45:52','2147483647','6','2147483647',5),(1309,'2018-12-01 22:46:02','2147483647','7','2147483647',5),(1310,'2018-12-01 22:46:12','2147483647','6','2147483647',5),(1311,'2018-12-01 22:46:23','2147483647','7','2147483647',5),(1312,'2018-12-01 22:46:33','2147483647','7','2147483647',5),(1313,'2018-12-01 22:46:43','2147483647','7','2147483647',5),(1314,'2018-12-01 22:46:54','2147483647','7','2147483647',5),(1315,'2018-12-01 22:47:04','2147483647','7','2147483647',5),(1316,'2018-12-01 22:47:15','2147483647','7','2147483647',5),(1317,'2018-12-01 22:47:25','2147483647','6','2147483647',5),(1318,'2018-12-01 22:47:35','2147483647','7','2147483647',5),(1319,'2018-12-01 22:47:46','2147483647','7','2147483647',5),(1320,'2018-12-01 22:47:56','2147483647','6','2147483647',5),(1321,'2018-12-01 22:48:06','2147483647','6','2147483647',5),(1322,'2018-12-01 22:48:17','2147483647','6','2147483647',5),(1323,'2018-12-01 22:48:27','2147483647','7','2147483647',5),(1324,'2018-12-01 22:48:38','2147483647','7','2147483647',5),(1325,'2018-12-01 22:48:48','2147483647','7','2147483647',5),(1326,'2018-12-01 22:48:58','2147483647','7','2147483647',5),(1327,'2018-12-01 22:49:09','2147483647','7','2147483647',5),(1328,'2018-12-01 22:49:19','2147483647','7','2147483647',5),(1329,'2018-12-01 22:49:29','2147483647','7','2147483647',5),(1330,'2018-12-01 22:49:40','2147483647','7','2147483647',5),(1331,'2018-12-01 22:49:50','2147483647','6','2147483647',5),(1332,'2018-12-01 22:50:01','2147483647','7','2147483647',5),(1333,'2018-12-01 22:50:11','2147483647','7','2147483647',5),(1334,'2018-12-01 22:50:21','2147483647','6','2147483647',5),(1335,'2018-12-01 22:50:32','2147483647','6','2147483647',5),(1336,'2018-12-01 22:50:42','2147483647','6','2147483647',5),(1337,'2018-12-01 22:50:52','2147483647','6','2147483647',5),(1338,'2018-12-01 22:51:03','2147483647','6','2147483647',5),(1339,'2018-12-01 22:51:13','2147483647','6','2147483647',5),(1340,'2018-12-01 22:51:24','2147483647','6','2147483647',5),(1341,'2018-12-01 22:51:34','2147483647','6','2147483647',5),(1342,'2018-12-01 22:51:44','2147483647','7','2147483647',5),(1343,'2018-12-01 22:51:55','2147483647','6','2147483647',5),(1344,'2018-12-01 22:52:05','2147483647','7','2147483647',5),(1345,'2018-12-01 22:52:15','2147483647','6','2147483647',5),(1346,'2018-12-01 22:52:26','2147483647','7','2147483647',5),(1347,'2018-12-01 22:52:36','2147483647','7','2147483647',5),(1348,'2018-12-01 22:52:47','2147483647','6','2147483647',5),(1349,'2018-12-01 22:52:57','2147483647','6','2147483647',5),(1350,'2018-12-01 22:53:07','2147483647','6','2147483647',5),(1351,'2018-12-01 22:53:18','2147483647','6','2147483647',5),(1352,'2018-12-01 22:53:28','2147483647','6','2147483647',5),(1353,'2018-12-01 22:53:38','2147483647','6','2147483647',5),(1354,'2018-12-01 22:53:49','2147483647','6','2147483647',5),(1355,'2018-12-01 22:53:59','2147483647','7','2147483647',5),(1356,'2018-12-01 22:54:09','2147483647','7','2147483647',5),(1357,'2018-12-01 22:54:20','2147483647','7','2147483647',5),(1358,'2018-12-01 22:54:30','2147483647','6','2147483647',5),(1359,'2018-12-01 22:54:41','2147483647','6','2147483647',5),(1360,'2018-12-01 22:54:51','2147483647','6','2147483647',5),(1361,'2018-12-01 22:55:01','2147483647','7','2147483647',5),(1362,'2018-12-01 22:55:12','2147483647','7','2147483647',5),(1363,'2018-12-01 22:55:22','2147483647','6','2147483647',5),(1364,'2018-12-01 22:55:32','2147483647','6','2147483647',5),(1365,'2018-12-01 22:55:43','2147483647','6','2147483647',5),(1366,'2018-12-01 22:55:53','2147483647','7','2147483647',5),(1367,'2018-12-01 22:56:04','2147483647','6','2147483647',5),(1368,'2018-12-01 22:56:14','2147483647','7','2147483647',5),(1369,'2018-12-01 22:56:24','2147483647','7','2147483647',5),(1370,'2018-12-01 22:56:35','2147483647','6','2147483647',5),(1371,'2018-12-01 22:56:45','2147483647','7','2147483647',5),(1372,'2018-12-01 22:56:55','2147483647','7','2147483647',5),(1373,'2018-12-01 22:57:06','2147483647','7','2147483647',5),(1374,'2018-12-01 22:57:16','2147483647','6','2147483647',5),(1375,'2018-12-01 22:57:27','2147483647','7','2147483647',5),(1376,'2018-12-01 22:57:37','2147483647','7','2147483647',5),(1377,'2018-12-01 22:57:47','2147483647','7','2147483647',5),(1378,'2018-12-01 22:57:58','2147483647','7','2147483647',5),(1379,'2018-12-01 22:58:08','2147483647','7','2147483647',5),(1380,'2018-12-01 22:58:18','2147483647','7','2147483647',5),(1381,'2018-12-01 22:58:29','2147483647','7','2147483647',5),(1382,'2018-12-01 22:58:39','2147483647','7','2147483647',5),(1383,'2018-12-01 22:58:50','2147483647','6','2147483647',5),(1384,'2018-12-01 22:59:00','2147483647','7','2147483647',5),(1385,'2018-12-01 22:59:10','2147483647','6','2147483647',5),(1386,'2018-12-01 22:59:21','2147483647','6','2147483647',5),(1387,'2018-12-01 22:59:31','2147483647','7','2147483647',5),(1388,'2018-12-01 22:59:41','2147483647','7','2147483647',5),(1389,'2018-12-01 22:59:52','2147483647','7','2147483647',5),(1390,'2018-12-01 23:00:02','2147483647','6','2147483647',5),(1391,'2018-12-01 23:00:13','2147483647','7','2147483647',5),(1392,'2018-12-01 23:00:23','2147483647','6','2147483647',5),(1393,'2018-12-01 23:00:33','2147483647','7','2147483647',5),(1394,'2018-12-01 23:00:44','2147483647','7','2147483647',5),(1395,'2018-12-01 23:00:54','2147483647','7','2147483647',5),(1396,'2018-12-01 23:01:04','2147483647','7','2147483647',5),(1397,'2018-12-01 23:01:15','2147483647','7','2147483647',5),(1398,'2018-12-01 23:01:25','2147483647','7','2147483647',5),(1399,'2018-12-01 23:01:36','2147483647','6','2147483647',5),(1400,'2018-12-01 23:01:46','2147483647','7','2147483647',5),(1401,'2018-12-01 23:01:56','2147483647','7','2147483647',5),(1402,'2018-12-01 23:02:07','2147483647','7','2147483647',5),(1403,'2018-12-01 23:02:17','2147483647','7','2147483647',5),(1404,'2018-12-01 23:02:27','2147483647','7','2147483647',5),(1405,'2018-12-01 23:02:38','2147483647','6','2147483647',5),(1406,'2018-12-01 23:02:48','2147483647','7','2147483647',5),(1407,'2018-12-01 23:02:59','2147483647','7','2147483647',5),(1408,'2018-12-01 23:03:09','2147483647','6','2147483647',5),(1409,'2018-12-01 23:03:19','2147483647','6','2147483647',5),(1410,'2018-12-01 23:03:30','2147483647','7','2147483647',5),(1411,'2018-12-01 23:03:40','2147483647','7','2147483647',5),(1412,'2018-12-01 23:03:50','2147483647','7','2147483647',5),(1413,'2018-12-01 23:04:01','2147483647','7','2147483647',5),(1414,'2018-12-01 23:04:11','2147483647','7','2147483647',5),(1415,'2018-12-01 23:04:22','2147483647','7','2147483647',5),(1416,'2018-12-01 23:04:32','2147483647','7','2147483647',5),(1417,'2018-12-01 23:04:42','2147483647','6','2147483647',5),(1418,'2018-12-01 23:04:53','2147483647','7','2147483647',5),(1419,'2018-12-01 23:05:03','2147483647','7','2147483647',5),(1420,'2018-12-01 23:05:13','2147483647','6','2147483647',5),(1421,'2018-12-01 23:05:24','2147483647','7','2147483647',5),(1422,'2018-12-01 23:05:34','2147483647','6','2147483647',5),(1423,'2018-12-01 23:05:45','2147483647','7','2147483647',5),(1424,'2018-12-01 23:05:55','2147483647','7','2147483647',5),(1425,'2018-12-01 23:06:05','2147483647','6','2147483647',5),(1426,'2018-12-01 23:06:16','2147483647','7','2147483647',5),(1427,'2018-12-01 23:06:26','2147483647','7','2147483647',5),(1428,'2018-12-01 23:06:36','2147483647','6','2147483647',5),(1429,'2018-12-01 23:06:47','2147483647','7','2147483647',5),(1430,'2018-12-01 23:06:57','2147483647','6','2147483647',5),(1431,'2018-12-01 23:07:08','2147483647','7','2147483647',5),(1432,'2018-12-01 23:07:18','2147483647','7','2147483647',5),(1433,'2018-12-01 23:07:28','2147483647','7','2147483647',5),(1434,'2018-12-01 23:07:39','2147483647','7','2147483647',5),(1435,'2018-12-01 23:07:49','2147483647','7','2147483647',5),(1436,'2018-12-01 23:07:59','2147483647','7','2147483647',5),(1437,'2018-12-01 23:08:10','2147483647','7','2147483647',5),(1438,'2018-12-01 23:08:20','2147483647','7','2147483647',5),(1439,'2018-12-01 23:08:31','2147483647','6','2147483647',5),(1440,'2018-12-01 23:08:41','2147483647','6','2147483647',5),(1441,'2018-12-01 23:08:51','2147483647','7','2147483647',5),(1442,'2018-12-01 23:09:02','2147483647','6','2147483647',5),(1443,'2018-12-01 23:09:12','2147483647','6','2147483647',5),(1444,'2018-12-01 23:09:22','2147483647','6','2147483647',5),(1445,'2018-12-01 23:09:33','2147483647','7','2147483647',5),(1446,'2018-12-01 23:09:43','2147483647','6','2147483647',5),(1447,'2018-12-01 23:09:54','2147483647','7','2147483647',5),(1448,'2018-12-01 23:10:04','2147483647','7','2147483647',5),(1449,'2018-12-01 23:10:14','2147483647','6','2147483647',5),(1450,'2018-12-01 23:10:25','2147483647','6','2147483647',5),(1451,'2018-12-01 23:10:35','2147483647','6','2147483647',5),(1452,'2018-12-01 23:10:45','2147483647','6','2147483647',5),(1453,'2018-12-01 23:10:56','2147483647','7','2147483647',5),(1454,'2018-12-01 23:11:06','2147483647','6','2147483647',5),(1455,'2018-12-01 23:11:17','2147483647','7','2147483647',5),(1456,'2018-12-01 23:11:27','2147483647','6','2147483647',5),(1457,'2018-12-01 23:11:37','2147483647','6','2147483647',5),(1458,'2018-12-01 23:11:48','2147483647','6','2147483647',5),(1459,'2018-12-01 23:11:58','2147483647','6','2147483647',5),(1460,'2018-12-01 23:12:08','2147483647','6','2147483647',5),(1461,'2018-12-01 23:12:19','2147483647','7','2147483647',5),(1462,'2018-12-01 23:12:29','2147483647','7','2147483647',5),(1463,'2018-12-01 23:12:40','2147483647','7','2147483647',5),(1464,'2018-12-01 23:12:50','2147483647','6','2147483647',5),(1465,'2018-12-01 23:13:00','2147483647','7','2147483647',5),(1466,'2018-12-01 23:13:11','2147483647','7','2147483647',5),(1467,'2018-12-01 23:13:21','2147483647','6','2147483647',5),(1468,'2018-12-01 23:13:31','2147483647','7','2147483647',5),(1469,'2018-12-01 23:13:42','2147483647','6','2147483647',5),(1470,'2018-12-01 23:13:52','2147483647','6','2147483647',5),(1471,'2018-12-01 23:14:03','2147483647','7','2147483647',5),(1472,'2018-12-01 23:14:13','2147483647','6','2147483647',5),(1473,'2018-12-01 23:14:23','2147483647','6','2147483647',5),(1474,'2018-12-01 23:14:34','2147483647','6','2147483647',5),(1475,'2018-12-01 23:14:44','2147483647','6','2147483647',5),(1476,'2018-12-01 23:14:54','2147483647','7','2147483647',5),(1477,'2018-12-01 23:15:05','2147483647','7','2147483647',5),(1478,'2018-12-01 23:15:15','2147483647','7','2147483647',5),(1479,'2018-12-01 23:15:26','2147483647','7','2147483647',5),(1480,'2018-12-01 23:15:36','2147483647','6','2147483647',5),(1481,'2018-12-01 23:15:46','2147483647','6','2147483647',5),(1482,'2018-12-01 23:15:57','2147483647','7','2147483647',5),(1483,'2018-12-01 23:16:07','2147483647','7','2147483647',5),(1484,'2018-12-01 23:16:17','2147483647','6','2147483647',5),(1485,'2018-12-01 23:16:28','2147483647','7','2147483647',5),(1486,'2018-12-01 23:16:38','2147483647','6','2147483647',5),(1487,'2018-12-01 23:16:48','2147483647','7','2147483647',5),(1488,'2018-12-01 23:16:59','2147483647','7','2147483647',5),(1489,'2018-12-01 23:17:09','2147483647','7','2147483647',5),(1490,'2018-12-01 23:17:20','2147483647','6','2147483647',5),(1491,'2018-12-01 23:17:30','2147483647','7','2147483647',5),(1492,'2018-12-01 23:17:40','2147483647','7','2147483647',5),(1493,'2018-12-01 23:17:51','2147483647','7','2147483647',5),(1494,'2018-12-01 23:18:01','2147483647','7','2147483647',5),(1495,'2018-12-01 23:18:11','2147483647','7','2147483647',5),(1496,'2018-12-01 23:18:22','2147483647','6','2147483647',5),(1497,'2018-12-01 23:18:32','2147483647','6','2147483647',5),(1498,'2018-12-01 23:18:43','2147483647','6','2147483647',5),(1499,'2018-12-01 23:18:53','2147483647','7','2147483647',5),(1500,'2018-12-01 23:19:03','2147483647','7','2147483647',5),(1501,'2018-12-01 23:19:14','2147483647','7','2147483647',5),(1502,'2018-12-01 23:19:24','2147483647','7','2147483647',5),(1503,'2018-12-01 23:19:34','2147483647','7','2147483647',5),(1504,'2018-12-01 23:19:45','2147483647','7','2147483647',5),(1505,'2018-12-01 23:19:55','2147483647','6','2147483647',5),(1506,'2018-12-01 23:20:06','2147483647','6','2147483647',5),(1507,'2018-12-01 23:20:16','2147483647','6','2147483647',5),(1508,'2018-12-01 23:20:26','2147483647','7','2147483647',5),(1509,'2018-12-01 23:20:37','2147483647','7','2147483647',5),(1510,'2018-12-01 23:20:47','2147483647','7','2147483647',5),(1511,'2018-12-01 23:20:57','2147483647','7','2147483647',5),(1512,'2018-12-01 23:21:08','2147483647','7','2147483647',5),(1513,'2018-12-01 23:21:18','2147483647','7','2147483647',5),(1514,'2018-12-01 23:21:29','2147483647','6','2147483647',5),(1515,'2018-12-01 23:21:39','2147483647','7','2147483647',5),(1516,'2018-12-01 23:21:49','2147483647','7','2147483647',5),(1517,'2018-12-01 23:22:00','2147483647','6','2147483647',5),(1518,'2018-12-01 23:22:10','2147483647','7','2147483647',5),(1519,'2018-12-01 23:22:20','2147483647','6','2147483647',5),(1520,'2018-12-01 23:22:31','2147483647','7','2147483647',5),(1521,'2018-12-01 23:22:41','2147483647','7','2147483647',5),(1522,'2018-12-01 23:22:52','2147483647','7','2147483647',5),(1523,'2018-12-01 23:23:02','2147483647','6','2147483647',5),(1524,'2018-12-01 23:23:12','2147483647','6','2147483647',5),(1525,'2018-12-01 23:23:23','2147483647','6','2147483647',5),(1526,'2018-12-01 23:23:33','2147483647','7','2147483647',5),(1527,'2018-12-01 23:23:43','2147483647','7','2147483647',5),(1528,'2018-12-01 23:23:54','2147483647','6','2147483647',5),(1529,'2018-12-01 23:24:04','2147483647','7','2147483647',5),(1530,'2018-12-01 23:24:15','2147483647','6','2147483647',5),(1531,'2018-12-01 23:24:25','2147483647','7','2147483647',5),(1532,'2018-12-01 23:24:35','2147483647','6','2147483647',5),(1533,'2018-12-01 23:24:46','2147483647','6','2147483647',5),(1534,'2018-12-01 23:24:56','2147483647','7','2147483647',5),(1535,'2018-12-01 23:25:06','2147483647','7','2147483647',5),(1536,'2018-12-01 23:25:17','2147483647','6','2147483647',5),(1537,'2018-12-01 23:25:27','2147483647','6','2147483647',5),(1538,'2018-12-01 23:25:38','2147483647','6','2147483647',5),(1539,'2018-12-01 23:25:48','2147483647','6','2147483647',5),(1540,'2018-12-01 23:25:58','2147483647','7','2147483647',5),(1541,'2018-12-01 23:26:09','2147483647','7','2147483647',5),(1542,'2018-12-01 23:26:19','2147483647','7','2147483647',5),(1543,'2018-12-01 23:26:29','2147483647','7','2147483647',5),(1544,'2018-12-01 23:26:40','2147483647','7','2147483647',5),(1545,'2018-12-01 23:26:50','2147483647','7','2147483647',5),(1546,'2018-12-01 23:27:01','2147483647','7','2147483647',5),(1547,'2018-12-01 23:27:11','2147483647','6','2147483647',5),(1548,'2018-12-01 23:27:21','2147483647','6','2147483647',5),(1549,'2018-12-01 23:27:32','2147483647','7','2147483647',5),(1550,'2018-12-01 23:27:42','2147483647','6','2147483647',5),(1551,'2018-12-01 23:27:52','2147483647','6','2147483647',5),(1552,'2018-12-01 23:28:03','2147483647','6','2147483647',5),(1553,'2018-12-01 23:28:13','2147483647','7','2147483647',5),(1554,'2018-12-01 23:28:24','2147483647','7','2147483647',5),(1555,'2018-12-01 23:28:34','2147483647','6','2147483647',5),(1556,'2018-12-01 23:28:44','2147483647','7','2147483647',5),(1557,'2018-12-01 23:28:55','2147483647','6','2147483647',5),(1558,'2018-12-01 23:29:05','2147483647','7','2147483647',5),(1559,'2018-12-01 23:29:15','2147483647','6','2147483647',5),(1560,'2018-12-01 23:29:26','2147483647','7','2147483647',5),(1561,'2018-12-01 23:29:36','2147483647','6','2147483647',5),(1562,'2018-12-01 23:29:47','2147483647','6','2147483647',5),(1563,'2018-12-01 23:29:57','2147483647','7','2147483647',5),(1564,'2018-12-01 23:30:07','2147483647','6','2147483647',5),(1565,'2018-12-01 23:30:18','2147483647','7','2147483647',5),(1566,'2018-12-01 23:30:28','2147483647','7','2147483647',5),(1567,'2018-12-01 23:30:38','2147483647','7','2147483647',5),(1568,'2018-12-01 23:30:49','2147483647','7','2147483647',5),(1569,'2018-12-01 23:30:59','2147483647','6','2147483647',5),(1570,'2018-12-01 23:31:09','2147483647','7','2147483647',5),(1571,'2018-12-01 23:31:20','2147483647','7','2147483647',5),(1572,'2018-12-01 23:31:30','2147483647','7','2147483647',5),(1573,'2018-12-01 23:31:41','2147483647','7','2147483647',5),(1574,'2018-12-01 23:31:51','2147483647','6','2147483647',5),(1575,'2018-12-01 23:32:01','2147483647','7','2147483647',5),(1576,'2018-12-01 23:32:12','2147483647','7','2147483647',5),(1577,'2018-12-01 23:32:22','2147483647','7','2147483647',5),(1578,'2018-12-01 23:32:32','2147483647','7','2147483647',5),(1579,'2018-12-01 23:32:43','2147483647','6','2147483647',5),(1580,'2018-12-01 23:32:53','2147483647','7','2147483647',5),(1581,'2018-12-01 23:33:04','2147483647','7','2147483647',5),(1582,'2018-12-01 23:33:14','2147483647','7','2147483647',5),(1583,'2018-12-01 23:33:24','2147483647','7','2147483647',5),(1584,'2018-12-01 23:33:35','2147483647','6','2147483647',5),(1585,'2018-12-01 23:33:45','2147483647','7','2147483647',5),(1586,'2018-12-01 23:33:55','2147483647','7','2147483647',5),(1587,'2018-12-01 23:34:06','2147483647','6','2147483647',5),(1588,'2018-12-01 23:34:16','2147483647','7','2147483647',5),(1589,'2018-12-01 23:34:27','2147483647','6','2147483647',5),(1590,'2018-12-01 23:34:37','2147483647','7','2147483647',5),(1591,'2018-12-01 23:34:47','2147483647','6','2147483647',5),(1592,'2018-12-01 23:34:58','2147483647','7','2147483647',5),(1593,'2018-12-01 23:35:08','2147483647','7','2147483647',5),(1594,'2018-12-01 23:35:18','2147483647','7','2147483647',5),(1595,'2018-12-01 23:35:29','2147483647','6','2147483647',5),(1596,'2018-12-01 23:35:39','2147483647','7','2147483647',5),(1597,'2018-12-01 23:35:50','2147483647','6','2147483647',5),(1598,'2018-12-01 23:36:00','2147483647','7','2147483647',5),(1599,'2018-12-01 23:36:10','2147483647','7','2147483647',5),(1600,'2018-12-01 23:36:21','2147483647','6','2147483647',5),(1601,'2018-12-01 23:36:31','2147483647','7','2147483647',5),(1602,'2018-12-01 23:36:41','2147483647','6','2147483647',5),(1603,'2018-12-01 23:36:52','2147483647','6','2147483647',5),(1604,'2018-12-01 23:37:02','2147483647','7','2147483647',5),(1605,'2018-12-01 23:37:13','2147483647','7','2147483647',5),(1606,'2018-12-01 23:37:23','2147483647','6','2147483647',5),(1607,'2018-12-01 23:37:33','2147483647','6','2147483647',5),(1608,'2018-12-01 23:37:44','2147483647','7','2147483647',5),(1609,'2018-12-01 23:37:54','2147483647','7','2147483647',5),(1610,'2018-12-01 23:38:04','2147483647','7','2147483647',5),(1611,'2018-12-01 23:38:15','2147483647','7','2147483647',5),(1612,'2018-12-01 23:38:25','2147483647','7','2147483647',5),(1613,'2018-12-01 23:38:36','2147483647','7','2147483647',5),(1614,'2018-12-01 23:38:46','2147483647','7','2147483647',5),(1615,'2018-12-01 23:38:56','2147483647','7','2147483647',5),(1616,'2018-12-01 23:39:07','2147483647','7','2147483647',5),(1617,'2018-12-01 23:39:17','2147483647','7','2147483647',5),(1618,'2018-12-01 23:39:27','2147483647','6','2147483647',5),(1619,'2018-12-01 23:39:38','2147483647','7','2147483647',5),(1620,'2018-12-01 23:39:48','2147483647','7','2147483647',5),(1621,'2018-12-01 23:39:59','2147483647','7','2147483647',5),(1622,'2018-12-01 23:40:09','2147483647','7','2147483647',5),(1623,'2018-12-01 23:40:19','2147483647','6','2147483647',5),(1624,'2018-12-01 23:40:30','2147483647','6','2147483647',5),(1625,'2018-12-01 23:40:40','2147483647','6','2147483647',5),(1626,'2018-12-01 23:40:50','2147483647','6','2147483647',5),(1627,'2018-12-01 23:41:01','2147483647','6','2147483647',5),(1628,'2018-12-01 23:41:11','2147483647','7','2147483647',5),(1629,'2018-12-01 23:41:22','2147483647','6','2147483647',5),(1630,'2018-12-01 23:41:32','2147483647','7','2147483647',5),(1631,'2018-12-01 23:41:42','2147483647','6','2147483647',5),(1632,'2018-12-01 23:41:53','2147483647','7','2147483647',5),(1633,'2018-12-01 23:42:03','2147483647','6','2147483647',5),(1634,'2018-12-01 23:42:13','2147483647','6','2147483647',5),(1635,'2018-12-01 23:42:24','2147483647','7','2147483647',5),(1636,'2018-12-01 23:42:34','2147483647','7','2147483647',5),(1637,'2018-12-01 23:42:45','2147483647','7','2147483647',5),(1638,'2018-12-01 23:42:55','2147483647','7','2147483647',5),(1639,'2018-12-01 23:43:05','2147483647','6','2147483647',5),(1640,'2018-12-01 23:43:16','2147483647','7','2147483647',5),(1641,'2018-12-01 23:43:26','2147483647','7','2147483647',5),(1642,'2018-12-01 23:43:36','2147483647','7','2147483647',5),(1643,'2018-12-01 23:43:47','2147483647','7','2147483647',5),(1644,'2018-12-01 23:43:57','2147483647','6','2147483647',5),(1645,'2018-12-01 23:44:08','2147483647','6','2147483647',5),(1646,'2018-12-01 23:44:18','2147483647','6','2147483647',5),(1647,'2018-12-01 23:44:28','2147483647','6','2147483647',5),(1648,'2018-12-01 23:44:39','2147483647','7','2147483647',5),(1649,'2018-12-01 23:44:49','2147483647','6','2147483647',5),(1650,'2018-12-01 23:44:59','2147483647','6','2147483647',5),(1651,'2018-12-01 23:45:10','2147483647','6','2147483647',5),(1652,'2018-12-01 23:45:20','2147483647','6','2147483647',5),(1653,'2018-12-01 23:45:31','2147483647','6','2147483647',5),(1654,'2018-12-01 23:45:41','2147483647','7','2147483647',5),(1655,'2018-12-01 23:45:51','2147483647','7','2147483647',5),(1656,'2018-12-01 23:46:02','2147483647','7','2147483647',5),(1657,'2018-12-01 23:46:12','2147483647','7','2147483647',5),(1658,'2018-12-01 23:46:22','2147483647','6','2147483647',5),(1659,'2018-12-01 23:46:33','2147483647','6','2147483647',5),(1660,'2018-12-01 23:46:43','2147483647','7','2147483647',5),(1661,'2018-12-01 23:46:54','2147483647','7','2147483647',5),(1662,'2018-12-01 23:47:04','2147483647','6','2147483647',5),(1663,'2018-12-01 23:47:14','2147483647','6','2147483647',5),(1664,'2018-12-01 23:47:25','2147483647','6','2147483647',5),(1665,'2018-12-01 23:47:35','2147483647','7','2147483647',5),(1666,'2018-12-01 23:47:45','2147483647','6','2147483647',5),(1667,'2018-12-01 23:47:56','2147483647','6','2147483647',5),(1668,'2018-12-01 23:48:06','2147483647','6','2147483647',5),(1669,'2018-12-01 23:48:17','2147483647','7','2147483647',5),(1670,'2018-12-01 23:48:27','2147483647','7','2147483647',5),(1671,'2018-12-01 23:48:37','2147483647','6','2147483647',5),(1672,'2018-12-01 23:48:48','2147483647','7','2147483647',5),(1673,'2018-12-01 23:48:58','2147483647','7','2147483647',5),(1674,'2018-12-01 23:49:08','2147483647','7','2147483647',5),(1675,'2018-12-01 23:49:19','2147483647','7','2147483647',5),(1676,'2018-12-01 23:49:29','2147483647','7','2147483647',5),(1677,'2018-12-01 23:49:40','2147483647','7','2147483647',5),(1678,'2018-12-01 23:49:50','2147483647','7','2147483647',5),(1679,'2018-12-01 23:50:00','2147483647','7','2147483647',5),(1680,'2018-12-01 23:50:11','2147483647','7','2147483647',5),(1681,'2018-12-01 23:50:21','2147483647','7','2147483647',5),(1682,'2018-12-01 23:50:31','2147483647','7','2147483647',5),(1683,'2018-12-01 23:50:42','2147483647','7','2147483647',5),(1684,'2018-12-01 23:50:52','2147483647','7','2147483647',5),(1685,'2018-12-01 23:51:02','2147483647','7','2147483647',5),(1686,'2018-12-01 23:51:13','2147483647','7','2147483647',5),(1687,'2018-12-01 23:51:23','2147483647','7','2147483647',5),(1688,'2018-12-01 23:51:34','2147483647','7','2147483647',5),(1689,'2018-12-01 23:51:44','2147483647','7','2147483647',5),(1690,'2018-12-01 23:51:54','2147483647','7','2147483647',5),(1691,'2018-12-01 23:52:05','2147483647','7','2147483647',5),(1692,'2018-12-01 23:52:15','2147483647','5','2147483647',5),(1693,'2018-12-01 23:52:25','2147483647','6','2147483647',5),(1694,'2018-12-01 23:52:36','2147483647','7','2147483647',5),(1695,'2018-12-01 23:52:46','2147483647','7','2147483647',5),(1696,'2018-12-01 23:52:57','2147483647','7','2147483647',5),(1697,'2018-12-01 23:53:07','2147483647','7','2147483647',5),(1698,'2018-12-01 23:53:17','2147483647','6','2147483647',5),(1699,'2018-12-01 23:53:28','2147483647','7','2147483647',5),(1700,'2018-12-01 23:53:38','2147483647','7','2147483647',5),(1701,'2018-12-01 23:53:48','2147483647','7','2147483647',5),(1702,'2018-12-01 23:53:59','2147483647','7','2147483647',5),(1703,'2018-12-01 23:54:09','2147483647','7','2147483647',5),(1704,'2018-12-01 23:54:20','2147483647','7','2147483647',5),(1705,'2018-12-01 23:54:30','2147483647','7','2147483647',5),(1706,'2018-12-01 23:54:40','2147483647','7','2147483647',5),(1707,'2018-12-01 23:54:51','2147483647','7','2147483647',5),(1708,'2018-12-01 23:55:01','2147483647','7','2147483647',5),(1709,'2018-12-01 23:55:11','2147483647','7','2147483647',5),(1710,'2018-12-01 23:55:22','2147483647','7','2147483647',5),(1711,'2018-12-01 23:55:32','2147483647','6','2147483647',5),(1712,'2018-12-01 23:55:43','2147483647','7','2147483647',5),(1713,'2018-12-01 23:55:53','2147483647','7','2147483647',5),(1714,'2018-12-01 23:56:03','2147483647','7','2147483647',5),(1715,'2018-12-01 23:56:14','2147483647','7','2147483647',5),(1716,'2018-12-01 23:56:24','2147483647','7','2147483647',5),(1717,'2018-12-01 23:56:34','2147483647','6','2147483647',5),(1718,'2018-12-01 23:56:45','2147483647','7','2147483647',5),(1719,'2018-12-01 23:56:55','2147483647','7','2147483647',5),(1720,'2018-12-01 23:57:06','2147483647','7','2147483647',5),(1721,'2018-12-01 23:57:16','2147483647','7','2147483647',5),(1722,'2018-12-01 23:57:26','2147483647','7','2147483647',5),(1723,'2018-12-01 23:57:37','2147483647','6','2147483647',5),(1724,'2018-12-01 23:57:47','2147483647','7','2147483647',5),(1725,'2018-12-01 23:57:57','2147483647','7','2147483647',5),(1726,'2018-12-01 23:58:08','2147483647','6','2147483647',5),(1727,'2018-12-01 23:58:18','2147483647','6','2147483647',5),(1728,'2018-12-01 23:58:29','2147483647','6','2147483647',5),(1729,'2018-12-01 23:58:39','2147483647','6','2147483647',5),(1730,'2018-12-01 23:58:49','2147483647','7','2147483647',5),(1731,'2018-12-01 23:59:00','2147483647','7','2147483647',5),(1732,'2018-12-01 23:59:10','2147483647','7','2147483647',5),(1733,'2018-12-01 23:59:20','2147483647','7','2147483647',5),(1734,'2018-12-01 23:59:31','2147483647','7','2147483647',5),(1735,'2018-12-01 23:59:41','2147483647','7','2147483647',5),(1736,'2018-12-01 23:59:52','2147483647','6','2147483647',5),(1737,'2018-12-02 00:00:02','2147483647','7','2147483647',5),(1738,'2018-12-02 00:00:12','2147483647','7','2147483647',5),(1739,'2018-12-02 00:00:23','2147483647','7','2147483647',5),(1740,'2018-12-02 00:00:33','2147483647','7','2147483647',5),(1741,'2018-12-02 00:00:43','2147483647','7','2147483647',5),(1742,'2018-12-02 00:00:55','2147483647','7','2147483647',5),(1744,'2018-12-02 12:21:21','54','46','20',6),(1745,'2018-12-02 12:21:31','54','50','20',6),(1746,'2018-12-02 12:21:42','54','49','20',6),(1747,'2018-12-02 12:21:52','54','49','20',6),(1748,'2018-12-02 12:22:02','54','52','20',6),(1749,'2018-12-02 12:22:13','54','51','20',6),(1751,'2018-12-02 12:22:48','54','43','20',7),(1752,'2018-12-02 12:22:58','54','44','20',7),(1753,'2018-12-02 12:23:09','54','44','20',7),(1754,'2018-12-02 12:23:19','54','39','20',7),(1755,'2018-12-02 12:23:31','54','33','20',7),(1756,'2018-12-02 12:23:40','54','84','21',7),(1757,'2018-12-02 12:23:50','54','82','21',7),(1758,'2018-12-02 12:24:00','54','36','21',7),(1759,'2018-12-02 12:24:11','54','39','21',7),(1760,'2018-12-02 12:24:21','54','36','21',7),(1761,'2018-12-02 12:24:31','54','47','21',7),(1762,'2018-12-02 12:24:42','54','46','21',7),(1763,'2018-12-02 12:24:52','54','46','21',7),(1764,'2018-12-02 12:25:02','54','45','21',7),(1765,'2018-12-02 12:25:13','53','43','21',7),(1766,'2018-12-02 12:25:40','54','52','21',7),(1767,'2018-12-02 12:25:50','54','51','21',7),(1768,'2018-12-02 12:26:00','54','50','21',7),(1769,'2018-12-02 12:26:11','53','51','21',7),(1770,'2018-12-02 12:26:21','53','51','21',7),(1771,'2018-12-02 12:26:31','53','50','21',7),(1772,'2018-12-02 12:26:42','53','51','21',7),(1773,'2018-12-02 12:26:52','53','51','21',7),(1774,'2018-12-02 12:27:02','53','51','21',7),(1775,'2018-12-02 12:27:14','53','52','21',5),(1776,'2018-12-02 12:27:24','53','52','21',5),(1777,'2018-12-02 12:27:34','53','49','21',5),(1778,'2018-12-02 12:27:45','53','53','21',5),(1779,'2018-12-02 12:27:55','53','51','21',5),(1780,'2018-12-02 12:28:05','53','53','21',5),(1782,'2018-12-02 12:28:18','53','52','21',8),(1783,'2018-12-02 12:28:28','53','53','21',8),(1784,'2018-12-02 12:28:38','52','52','21',8),(1786,'2018-12-02 12:30:54','52','48','21',9),(1787,'2018-12-02 12:31:04','52','47','21',9),(1788,'2018-12-02 12:31:14','52','47','21',9),(1789,'2018-12-02 12:31:25','52','48','21',9),(1790,'2018-12-02 12:31:35','52','46','21',9),(1791,'2018-12-02 12:31:45','52','46','21',9),(1792,'2018-12-02 12:31:56','52','44','21',9),(1793,'2018-12-02 12:32:06','52','46','21',9),(1794,'2018-12-02 12:32:16','52','44','21',9),(1795,'2018-12-02 12:32:27','52','43','21',9),(1796,'2018-12-02 12:32:37','51','45','21',9),(1797,'2018-12-02 12:32:47','52','43','22',9),(1798,'2018-12-02 12:32:58','51','41','22',9),(1799,'2018-12-02 12:33:08','51','37','22',9),(1800,'2018-12-02 12:33:18','51','37','22',9),(1801,'2018-12-02 12:33:29','52','38','22',9),(1802,'2018-12-02 12:33:39','51','38','22',9),(1803,'2018-12-02 12:33:49','51','36','22',9),(1804,'2018-12-02 12:33:59','51','37','22',9),(1805,'2018-12-02 12:34:10','51','36','22',9),(1806,'2018-12-02 12:34:20','51','35','22',9),(1807,'2018-12-02 12:34:30','51','38','22',9),(1808,'2018-12-02 12:34:41','51','36','22',9),(1809,'2018-12-02 12:34:51','51','36','22',9),(1810,'2018-12-02 12:35:01','51','36','22',9),(1811,'2018-12-02 12:35:12','51','34','22',9),(1812,'2018-12-02 12:35:22','51','34','22',9),(1813,'2018-12-02 12:35:32','51','33','22',9),(1814,'2018-12-02 12:35:43','51','32','22',9),(1815,'2018-12-02 12:35:53','51','30','22',9),(1816,'2018-12-02 12:36:03','51','30','22',9),(1817,'2018-12-02 12:36:14','51','31','22',9),(1818,'2018-12-02 12:36:24','51','30','22',9),(1819,'2018-12-02 12:36:34','51','30','22',9),(1820,'2018-12-02 12:36:45','51','30','22',9),(1821,'2018-12-02 12:36:55','51','30','22',9),(1822,'2018-12-02 12:37:05','51','29','22',9),(1823,'2018-12-02 12:37:16','51','27','22',9),(1824,'2018-12-02 12:37:26','51','28','22',9),(1825,'2018-12-02 12:37:36','51','30','22',9),(1826,'2018-12-02 12:37:47','51','28','22',9),(1827,'2018-12-02 12:37:57','51','29','22',9),(1828,'2018-12-02 12:38:07','51','30','22',9),(1829,'2018-12-02 12:38:18','51','29','22',9),(1830,'2018-12-02 12:38:28','51','29','22',9),(1831,'2018-12-02 12:38:38','51','27','22',9),(1832,'2018-12-02 12:38:49','51','26','22',9),(1833,'2018-12-02 12:38:59','51','28','22',9),(1834,'2018-12-02 12:39:09','51','36','22',9),(1835,'2018-12-02 12:39:34','50','996','22',9),(1836,'2018-12-02 12:39:44','46','996','22',9),(1837,'2018-12-02 12:39:55','45','996','22',9),(1838,'2018-12-02 12:40:05','44','996','21',9),(1839,'2018-12-02 12:40:15','44','996','21',9),(1840,'2018-12-02 12:40:26','44','996','21',9),(1841,'2018-12-02 13:41:49','53','998','17',9),(1842,'2018-12-02 13:41:59','53','998','17',9),(1843,'2018-12-02 13:42:09','55','998','16',9),(1844,'2018-12-02 13:42:20','56','998','16',9),(1845,'2018-12-02 13:42:30','58','998','16',9),(1846,'2018-12-02 13:42:40','58','998','15',9),(1847,'2018-12-02 13:42:51','60','998','15',9),(1848,'2018-12-02 13:43:01','60','998','15',9),(1849,'2018-12-02 13:43:11','61','998','15',9),(1850,'2018-12-02 13:43:22','63','998','15',9),(1851,'2018-12-02 13:43:32','64','998','15',9),(1852,'2018-12-02 13:43:42','64','998','15',9),(1853,'2018-12-02 13:43:53','66','998','14',9),(1854,'2018-12-02 13:44:03','66','998','14',9),(1855,'2018-12-02 13:44:13','66','998','14',9),(1856,'2018-12-02 13:44:24','66','998','14',9),(1857,'2018-12-02 13:44:34','67','998','14',9),(1858,'2018-12-02 13:44:44','66','998','14',9),(1859,'2018-12-02 13:44:55','66','980','14',9),(1860,'2018-12-02 13:45:05','66','987','14',9),(1861,'2018-12-02 13:45:15','66','31','14',9),(1862,'2018-12-02 13:45:36','66','2','20',9),(1863,'2018-12-02 13:45:47','66','1','20',9),(1864,'2018-12-02 13:45:57','66','1','20',9),(1865,'2018-12-02 13:46:07','66','1','20',9),(1866,'2018-12-02 13:46:18','66','1','20',9),(1867,'2018-12-02 13:46:28','66','1','20',9),(1868,'2018-12-02 13:46:39','66','1','20',9),(1869,'2018-12-02 13:46:49','66','2','20',9),(1870,'2018-12-02 13:46:59','66','1','20',9),(1871,'2018-12-02 13:47:10','66','1','20',9),(1872,'2018-12-02 13:47:20','66','1','20',9),(1873,'2018-12-02 13:47:30','66','2','20',9),(1874,'2018-12-02 13:47:41','66','1','20',9),(1875,'2018-12-02 13:47:51','66','1','20',9),(1876,'2018-12-02 13:48:02','66','1','20',9),(1877,'2018-12-02 13:48:12','66','1','20',9),(1878,'2018-12-02 13:48:22','66','1','20',9),(1879,'2018-12-02 13:48:33','66','1','20',9),(1880,'2018-12-02 13:48:43','66','1','20',9),(1881,'2018-12-02 13:49:04','66','9','20',9),(1883,'2018-12-02 13:51:07','2147483647','38','2147483647',10),(1884,'2018-12-02 13:51:18','2147483647','33','2147483647',10),(1885,'2018-12-02 13:51:28','2147483647','16','2147483647',10),(1886,'2018-12-02 13:51:38','2147483647','38','2147483647',10),(1887,'2018-12-02 13:51:49','2147483647','36','2147483647',10),(1888,'2018-12-02 13:51:59','2147483647','172','2147483647',10),(1889,'2018-12-02 13:52:10','2147483647','39','2147483647',10),(1890,'2018-12-02 13:52:20','2147483647','38','2147483647',10),(1891,'2018-12-02 13:52:30','2147483647','40','2147483647',10),(1892,'2018-12-02 13:52:41','2147483647','33','2147483647',10),(1893,'2018-12-02 13:52:51','2147483647','31','2147483647',10),(1894,'2018-12-02 13:53:01','2147483647','39','2147483647',10),(1895,'2018-12-02 13:53:12','2147483647','30','2147483647',10),(1896,'2018-12-02 13:53:22','2147483647','35','2147483647',10),(1897,'2018-12-02 13:53:33','2147483647','34','2147483647',10),(1898,'2018-12-02 13:53:43','2147483647','33','2147483647',10),(1899,'2018-12-02 13:53:53','2147483647','29','2147483647',10),(1900,'2018-12-02 13:54:04','2147483647','29','2147483647',10),(1901,'2018-12-02 13:54:14','2147483647','22','2147483647',10),(1902,'2018-12-02 13:54:24','2147483647','33','2147483647',10),(1903,'2018-12-02 13:54:35','2147483647','26','2147483647',10),(1904,'2018-12-02 13:54:45','2147483647','22','2147483647',10),(1905,'2018-12-02 13:54:56','2147483647','26','2147483647',10),(1906,'2018-12-02 13:55:06','2147483647','22','2147483647',10),(1907,'2018-12-02 13:55:16','2147483647','24','2147483647',10),(1908,'2018-12-02 13:55:27','2147483647','23','2147483647',10),(1909,'2018-12-02 13:55:37','2147483647','24','2147483647',10),(1910,'2018-12-02 13:55:47','2147483647','34','2147483647',10),(1911,'2018-12-02 13:55:58','2147483647','38','2147483647',10),(1912,'2018-12-02 13:56:08','2147483647','26','2147483647',10),(1913,'2018-12-02 13:56:19','2147483647','39','2147483647',10),(1914,'2018-12-02 13:56:29','2147483647','33','2147483647',10),(1915,'2018-12-02 13:56:39','2147483647','18','2147483647',10),(1916,'2018-12-02 13:56:50','2147483647','1','2147483647',10),(1917,'2018-12-02 13:57:00','2147483647','2','2147483647',10),(1918,'2018-12-02 13:57:10','2147483647','2','2147483647',10),(1919,'2018-12-02 13:57:21','2147483647','30','2147483647',10),(1920,'2018-12-02 13:57:31','2147483647','26','2147483647',10),(1921,'2018-12-02 13:57:41','2147483647','28','2147483647',10),(1922,'2018-12-02 13:57:52','2147483647','500','2147483647',10),(1923,'2018-12-02 13:58:02','2147483647','517','2147483647',10),(1924,'2018-12-02 13:58:13','2147483647','508','2147483647',10),(1925,'2018-12-02 13:58:23','2147483647','518','2147483647',10),(1926,'2018-12-02 13:58:33','2147483647','503','2147483647',10),(1927,'2018-12-02 13:58:44','2147483647','514','2147483647',10),(1928,'2018-12-02 13:58:54','2147483647','515','2147483647',10),(1929,'2018-12-02 13:59:04','2147483647','515','2147483647',10),(1930,'2018-12-02 13:59:15','2147483647','511','2147483647',10),(1931,'2018-12-02 13:59:25','2147483647','324','2147483647',10),(1932,'2018-12-02 13:59:36','2147483647','18','2147483647',10),(1933,'2018-12-02 13:59:46','2147483647','2','2147483647',10),(1934,'2018-12-02 13:59:56','2147483647','22','2147483647',10),(1935,'2018-12-02 14:00:07','2147483647','28','2147483647',10),(1936,'2018-12-02 14:00:32','2147483647','1','2147483647',10),(1937,'2018-12-02 14:00:42','2147483647','21','2147483647',10),(1938,'2018-12-02 14:00:53','2147483647','24','2147483647',10),(1939,'2018-12-02 14:01:03','2147483647','29','2147483647',10),(1940,'2018-12-02 14:01:13','2147483647','34','2147483647',10),(1941,'2018-12-02 14:01:24','2147483647','1','2147483647',10),(1942,'2018-12-02 14:01:34','2147483647','39','2147483647',10),(1943,'2018-12-02 14:01:45','2147483647','34','2147483647',10),(1944,'2018-12-02 14:01:55','2147483647','26','2147483647',10),(1945,'2018-12-02 14:02:05','2147483647','33','2147483647',10),(1946,'2018-12-02 14:02:16','2147483647','2','2147483647',10),(1947,'2018-12-02 14:02:26','2147483647','28','2147483647',10),(1948,'2018-12-02 14:02:36','2147483647','25','2147483647',10),(1949,'2018-12-02 14:02:47','2147483647','44','2147483647',10),(1950,'2018-12-02 14:02:57','2147483647','48','2147483647',10),(1951,'2018-12-02 14:03:08','2147483647','40','2147483647',10),(1952,'2018-12-02 14:03:18','2147483647','30','2147483647',10),(1953,'2018-12-02 14:03:28','2147483647','28','2147483647',10),(1954,'2018-12-02 14:03:39','2147483647','30','2147483647',10),(1955,'2018-12-02 14:03:49','43','46','28',10),(1956,'2018-12-02 14:03:59','42','36','28',10),(1957,'2018-12-02 14:04:17','42','42','28',10),(1958,'2018-12-02 14:04:28','42','47','28',10),(1959,'2018-12-02 14:04:38','41','41','27',10),(1960,'2018-12-02 14:04:48','40','37','27',10),(1961,'2018-12-02 14:04:59','40','55','27',10),(1962,'2018-12-02 14:05:51','44','2','26',10),(1963,'2018-12-02 14:06:01','33','61','25',10),(1964,'2018-12-02 14:06:12','37','2','24',10),(1965,'2018-12-02 14:06:22','38','2','24',10),(1966,'2018-12-02 14:06:32','37','1','23',10),(1967,'2018-12-02 14:06:43','35','1','23',10),(1968,'2018-12-02 14:06:53','35','1','22',10),(1969,'2018-12-02 14:07:03','34','2','22',10),(1970,'2018-12-02 14:07:14','34','1','21',10),(1971,'2018-12-02 14:07:24','34','1','21',10),(1972,'2018-12-02 14:07:34','33','1','20',10),(1973,'2018-12-02 14:07:45','33','1','20',10),(1974,'2018-12-02 14:07:55','32','2','19',10),(1975,'2018-12-02 14:08:05','32','2','19',10),(1976,'2018-12-02 14:08:16','31','2','18',10),(1977,'2018-12-02 14:08:26','31','1','18',10),(1978,'2018-12-02 14:08:36','30','1','18',10),(1979,'2018-12-02 14:08:47','29','1','17',10),(1980,'2018-12-02 14:08:57','29','1','17',10),(1981,'2018-12-02 14:09:07','29','2','17',10),(1982,'2018-12-02 14:09:18','29','1','16',10),(1983,'2018-12-02 14:09:28','29','1','16',10),(1984,'2018-12-02 14:09:38','29','1','16',10),(1985,'2018-12-02 14:09:49','29','1','15',10),(1986,'2018-12-02 14:09:59','29','1','15',10),(1987,'2018-12-02 14:10:09','29','1','15',10),(1988,'2018-12-02 14:10:20','29','1','14',10),(1989,'2018-12-02 14:10:30','29','1','14',10),(1990,'2018-12-02 14:10:40','29','1','14',10),(1991,'2018-12-02 14:10:51','29','1','14',10),(1992,'2018-12-02 14:11:01','29','1','13',10),(1993,'2018-12-02 14:11:11','29','1','13',10),(1994,'2018-12-02 14:11:21','30','1','13',10),(1995,'2018-12-02 14:11:32','30','53','13',10),(1996,'2018-12-02 14:11:42','49','52','12',10),(1997,'2018-12-02 14:11:52','69','37','12',10),(1998,'2018-12-02 14:12:03','79','39','13',10),(1999,'2018-12-02 14:12:13','56','1','13',10),(2000,'2018-12-02 14:12:23','47','1','12',10),(2001,'2018-12-02 14:12:34','43','1','12',10),(2002,'2018-12-02 14:12:44','39','1','12',10),(2003,'2018-12-02 14:12:54','37','1','11',10),(2004,'2018-12-02 14:13:05','36','1','11',10),(2005,'2018-12-02 14:13:15','35','1','10',10),(2006,'2018-12-02 14:13:25','35','1','10',10),(2007,'2018-12-02 14:13:36','35','1','9',10),(2008,'2018-12-02 14:13:46','35','1','9',10),(2009,'2018-12-02 14:13:56','36','1','9',10),(2010,'2018-12-02 14:14:07','36','1','8',10),(2011,'2018-12-02 14:14:17','37','1','8',10),(2012,'2018-12-02 14:14:27','37','1','8',10),(2013,'2018-12-02 14:14:38','38','1','7',10),(2014,'2018-12-02 14:14:48','39','1','7',10),(2015,'2018-12-02 14:14:58','39','1','7',10),(2016,'2018-12-02 14:15:09','40','1','6',10),(2017,'2018-12-02 14:15:19','40','1','6',10),(2018,'2018-12-02 14:15:29','41','1','6',10),(2019,'2018-12-02 14:15:40','41','1','6',10),(2020,'2018-12-02 14:15:50','42','1','5',10),(2021,'2018-12-02 14:16:00','42','1','5',10),(2022,'2018-12-02 14:16:11','43','1','5',10),(2023,'2018-12-02 14:16:21','44','1','5',10),(2024,'2018-12-02 14:16:31','45','1','4',10),(2025,'2018-12-02 14:16:42','45','1','4',10),(2026,'2018-12-02 14:16:52','46','1','4',10),(2027,'2018-12-02 14:17:02','46','1','4',10),(2028,'2018-12-02 14:17:13','47','1','4',10),(2029,'2018-12-02 14:17:23','47','1','3',10),(2030,'2018-12-02 14:17:33','47','1','3',10),(2031,'2018-12-02 14:17:44','47','1','3',10),(2032,'2018-12-02 14:17:54','47','1','3',10),(2033,'2018-12-02 14:18:04','47','1','3',10),(2034,'2018-12-02 14:18:15','47','1','3',10),(2035,'2018-12-02 14:18:25','48','1','2',10),(2036,'2018-12-02 14:18:35','48','1','2',10),(2037,'2018-12-02 14:18:46','48','1','2',10),(2038,'2018-12-02 14:18:56','48','1','2',10),(2039,'2018-12-02 14:19:06','47','1','2',10),(2040,'2018-12-02 14:19:17','47','1','1',10),(2041,'2018-12-02 14:19:27','47','1','1',10),(2042,'2018-12-02 14:19:37','46','1','1',10),(2043,'2018-12-02 14:19:48','46','1','1',10),(2044,'2018-12-02 14:19:58','46','1','1',10),(2045,'2018-12-02 14:20:08','46','1','0',10),(2046,'2018-12-02 14:20:19','46','1','0',10),(2047,'2018-12-02 14:20:29','46','1','0',10),(2048,'2018-12-02 14:20:39','46','1','0',10),(2049,'2018-12-02 14:20:50','46','1','0',10),(2050,'2018-12-02 14:21:00','45','1','0',10),(2051,'2018-12-02 14:21:10','45','0','0',10),(2052,'2018-12-02 14:21:21','45','1','0',10),(2053,'2018-12-02 14:21:31','45','1','0',10),(2054,'2018-12-02 14:21:41','45','0','0',10),(2055,'2018-12-02 14:22:54','44','1','-2',10),(2056,'2018-12-02 14:23:04','44','1','-2',10),(2057,'2018-12-02 14:23:14','44','1','-2',10),(2058,'2018-12-02 14:23:25','44','1','-2',10),(2059,'2018-12-02 14:23:35','44','1','-2',10),(2060,'2018-12-02 14:23:45','44','1','-2',10),(2061,'2018-12-02 14:23:56','44','1','-3',10),(2062,'2018-12-02 14:24:06','44','1','-3',10),(2063,'2018-12-02 14:24:16','44','0','-3',10),(2064,'2018-12-02 14:24:26','44','1','-3',10),(2065,'2018-12-02 14:24:37','44','1','-3',10),(2066,'2018-12-02 14:24:47','44','1','-3',10),(2067,'2018-12-02 14:24:57','44','1','-3',10),(2068,'2018-12-02 14:25:08','44','1','-4',10),(2069,'2018-12-02 14:25:18','43','1','-4',10),(2070,'2018-12-02 14:25:28','44','1','-4',10),(2071,'2018-12-02 14:25:39','43','1','-4',10),(2072,'2018-12-02 14:25:49','44','1','-4',10),(2073,'2018-12-02 14:25:59','43','1','-4',10),(2074,'2018-12-02 14:26:10','43','1','-4',10),(2075,'2018-12-02 14:26:20','43','1','-5',10),(2076,'2018-12-02 14:26:30','43','1','-5',10),(2077,'2018-12-02 14:26:41','43','0','-5',10),(2078,'2018-12-02 14:26:51','43','1','-5',10),(2079,'2018-12-02 14:27:01','43','1','-5',10),(2080,'2018-12-02 14:27:12','43','1','-5',10),(2081,'2018-12-02 14:27:22','43','1','-5',10),(2082,'2018-12-02 14:27:32','43','1','-5',10),(2083,'2018-12-02 14:27:43','43','1','-6',10),(2084,'2018-12-02 14:27:53','43','1','-6',10),(2085,'2018-12-02 14:28:03','43','1','-6',10),(2086,'2018-12-02 14:28:14','43','1','-6',10),(2087,'2018-12-02 14:28:24','43','1','-6',10),(2088,'2018-12-02 14:28:34','43','1','-6',10),(2089,'2018-12-02 14:28:45','43','1','-6',10),(2090,'2018-12-02 14:28:55','43','1','-6',10),(2091,'2018-12-02 14:29:05','43','1','-6',10),(2092,'2018-12-02 14:29:16','42','1','-7',10),(2093,'2018-12-02 14:29:26','42','1','-7',10),(2094,'2018-12-02 14:29:36','43','1','-7',10),(2095,'2018-12-02 14:29:47','43','1','-7',10),(2096,'2018-12-02 14:29:57','43','1','-7',10),(2097,'2018-12-02 14:30:07','43','1','-7',10),(2098,'2018-12-02 14:30:18','43','1','-7',10),(2099,'2018-12-02 14:30:28','43','1','-7',10),(2100,'2018-12-02 14:30:38','43','1','-7',10),(2101,'2018-12-02 14:30:49','43','1','-7',10),(2102,'2018-12-02 14:30:59','43','1','-7',10),(2103,'2018-12-02 14:31:09','42','0','-8',10),(2104,'2018-12-02 14:31:20','43','1','-8',10),(2105,'2018-12-02 14:31:30','42','1','-8',10),(2106,'2018-12-02 14:31:40','42','1','-8',10),(2107,'2018-12-02 14:31:51','42','1','-8',10),(2108,'2018-12-02 14:32:01','42','0','-8',10),(2109,'2018-12-02 14:32:11','42','1','-8',10),(2110,'2018-12-02 14:32:22','42','0','-8',10),(2111,'2018-12-02 14:32:32','42','1','-8',10),(2112,'2018-12-02 14:32:42','42','1','-8',10),(2113,'2018-12-02 14:32:53','42','1','-8',10),(2114,'2018-12-02 14:33:03','42','1','-8',10),(2115,'2018-12-02 14:33:13','42','1','-8',10),(2116,'2018-12-02 14:33:24','42','0','-9',10),(2117,'2018-12-02 14:33:34','42','1','-9',10),(2118,'2018-12-02 14:33:44','42','1','-9',10),(2119,'2018-12-02 14:33:55','42','1','-9',10),(2120,'2018-12-02 14:34:05','42','1','-9',10),(2121,'2018-12-02 14:34:15','42','1','-9',10),(2122,'2018-12-02 14:34:26','42','0','-9',10),(2123,'2018-12-02 14:34:36','42','0','-9',10),(2124,'2018-12-02 14:34:46','42','1','-9',10),(2125,'2018-12-02 14:34:57','42','1','-9',10),(2126,'2018-12-02 14:35:07','42','1','-9',10),(2127,'2018-12-02 14:35:17','42','1','-9',10),(2128,'2018-12-02 14:35:28','42','1','-9',10),(2129,'2018-12-02 14:35:38','42','0','-9',10),(2130,'2018-12-02 14:35:48','42','1','-9',10),(2131,'2018-12-02 14:35:59','42','1','-9',10),(2132,'2018-12-02 14:36:09','41','1','-10',10),(2133,'2018-12-02 14:36:19','41','1','-10',10),(2134,'2018-12-02 14:36:30','41','1','-10',10),(2135,'2018-12-02 14:36:40','41','1','-10',10),(2136,'2018-12-02 14:36:50','42','1','-10',10),(2137,'2018-12-02 14:37:01','41','1','-10',10),(2138,'2018-12-02 14:37:11','41','0','-10',10),(2139,'2018-12-02 14:37:21','41','0','-10',10),(2140,'2018-12-02 14:37:32','41','1','-10',10),(2141,'2018-12-02 14:37:42','41','1','-10',10),(2142,'2018-12-02 14:37:52','41','1','-10',10),(2143,'2018-12-02 14:38:02','41','0','-10',10),(2144,'2018-12-02 14:38:13','41','1','-10',10),(2145,'2018-12-02 14:38:23','41','1','-10',10),(2146,'2018-12-02 14:38:33','41','1','-10',10),(2147,'2018-12-02 14:38:44','41','1','-10',10),(2148,'2018-12-02 14:38:54','41','1','-10',10),(2149,'2018-12-02 14:39:05','41','20','-10',10),(2150,'2018-12-02 14:39:15','66','32','-10',10),(2151,'2018-12-03 10:48:20','71','43','21',10),(2152,'2018-12-03 10:50:28','68','47','20',10),(2153,'2018-12-03 10:50:38','64','47','20',10),(2154,'2018-12-03 10:50:49','64','47','20',10),(2155,'2018-12-03 10:50:59','64','47','20',10),(2156,'2018-12-03 10:51:09','64','47','20',10),(2157,'2018-12-03 10:51:20','64','47','20',10),(2158,'2018-12-03 10:51:30','64','161','20',10),(2159,'2018-12-03 10:51:40','64','47','20',10),(2160,'2018-12-03 10:51:51','65','47','20',10),(2161,'2018-12-03 10:52:01','64','48','20',10),(2162,'2018-12-03 10:52:11','64','47','20',10),(2163,'2018-12-03 10:52:22','64','48','20',10),(2164,'2018-12-03 10:52:32','64','49','20',10),(2165,'2018-12-03 10:52:42','64','51','20',10),(2166,'2018-12-03 10:52:53','64','50','20',10),(2167,'2018-12-03 10:53:03','64','52','20',10),(2168,'2018-12-03 10:53:13','65','52','20',10),(2169,'2018-12-03 10:53:23','65','54','20',10),(2170,'2018-12-03 10:53:34','65','54','20',10),(2171,'2018-12-03 10:53:44','64','55','20',10),(2172,'2018-12-03 10:53:54','64','55','20',10),(2173,'2018-12-03 10:54:05','65','55','20',10),(2174,'2018-12-03 10:54:15','65','55','20',10),(2175,'2018-12-03 10:54:25','65','56','20',10),(2176,'2018-12-03 10:54:36','65','57','20',10),(2177,'2018-12-03 10:54:46','65','57','20',10),(2178,'2018-12-03 10:54:56','65','59','20',10),(2179,'2018-12-03 10:55:07','65','60','20',10),(2180,'2018-12-03 10:55:17','65','61','20',10),(2181,'2018-12-03 10:55:27','65','61','20',10),(2182,'2018-12-03 10:55:38','65','61','20',10),(2183,'2018-12-03 10:55:48','65','61','20',10),(2184,'2018-12-03 10:55:58','64','62','20',10),(2185,'2018-12-03 10:56:09','64','62','20',10),(2186,'2018-12-03 10:56:19','64','62','20',10),(2187,'2018-12-03 10:56:29','64','63','20',10),(2188,'2018-12-03 10:56:40','64','63','20',10),(2189,'2018-12-03 10:56:50','64','64','20',10),(2190,'2018-12-03 10:57:00','64','65','20',10),(2191,'2018-12-03 10:57:11','64','66','20',10),(2192,'2018-12-03 10:57:21','64','65','20',10),(2193,'2018-12-03 10:57:31','64','67','20',10),(2194,'2018-12-03 10:57:42','64','67','20',10),(2195,'2018-12-03 10:57:52','65','68','20',10),(2196,'2018-12-03 10:58:02','65','68','20',10),(2197,'2018-12-03 10:58:12','65','68','20',10),(2198,'2018-12-03 10:58:23','66','68','20',10),(2199,'2018-12-03 10:58:33','67','68','20',10),(2200,'2018-12-03 10:58:43','67','68','20',10),(2201,'2018-12-03 10:58:54','67','68','20',10),(2202,'2018-12-03 10:59:04','66','68','20',10),(2203,'2018-12-03 10:59:14','66','68','20',10),(2204,'2018-12-03 10:59:25','66','68','20',10),(2205,'2018-12-03 10:59:35','66','68','20',10),(2206,'2018-12-03 10:59:45','66','68','20',10),(2207,'2018-12-03 10:59:56','66','68','20',10),(2208,'2018-12-03 11:00:06','68','68','20',10),(2209,'2018-12-03 11:00:16','68','68','20',10),(2210,'2018-12-03 11:00:27','69','68','20',10),(2211,'2018-12-03 11:00:37','68','68','20',10),(2212,'2018-12-03 11:00:47','68','68','20',10),(2213,'2018-12-03 11:00:58','68','68','20',10),(2214,'2018-12-03 11:01:08','68','68','20',10),(2215,'2018-12-03 11:01:18','68','68','20',10),(2216,'2018-12-03 11:01:29','68','68','20',10),(2217,'2018-12-03 11:01:39','67','68','20',10),(2218,'2018-12-03 11:01:49','68','68','20',10),(2219,'2018-12-03 11:02:00','68','68','20',10),(2220,'2018-12-03 11:02:10','67','67','20',10),(2221,'2018-12-03 11:02:20','67','67','20',10),(2222,'2018-12-03 11:02:31','68','65','20',10),(2223,'2018-12-03 11:02:41','68','65','20',10),(2224,'2018-12-03 11:02:51','68','64','20',10),(2225,'2018-12-03 11:03:01','68','63','21',10),(2226,'2018-12-03 11:03:12','68','63','21',10),(2227,'2018-12-03 11:03:22','68','63','21',10),(2228,'2018-12-03 11:03:32','68','62','21',10),(2229,'2018-12-03 11:03:43','68','63','21',10),(2230,'2018-12-03 11:03:53','68','62','21',10),(2231,'2018-12-03 11:04:03','68','62','21',10),(2232,'2018-12-03 11:04:14','68','61','21',10),(2233,'2018-12-03 11:04:24','68','61','21',10),(2234,'2018-12-03 11:04:34','68','61','21',10),(2235,'2018-12-03 11:04:45','68','61','21',10),(2236,'2018-12-03 11:04:55','68','60','21',10),(2237,'2018-12-03 11:05:05','68','60','21',10),(2238,'2018-12-03 11:05:16','68','60','21',10),(2239,'2018-12-03 11:05:26','68','61','21',10),(2240,'2018-12-03 11:05:36','68','60','21',10),(2241,'2018-12-03 11:05:47','68','61','21',10),(2242,'2018-12-03 11:05:57','68','61','21',10),(2243,'2018-12-03 11:06:07','68','62','21',10),(2244,'2018-12-03 11:06:18','68','57','21',10),(2245,'2018-12-03 11:06:28','68','57','21',10),(2246,'2018-12-03 11:06:38','68','58','21',10),(2247,'2018-12-03 11:06:49','68','59','21',10),(2248,'2018-12-03 11:06:59','68','58','21',10),(2249,'2018-12-03 11:07:09','68','60','21',10),(2250,'2018-12-03 11:07:19','68','60','21',10),(2251,'2018-12-03 11:07:30','68','61','21',10),(2252,'2018-12-03 11:07:40','68','61','21',10),(2253,'2018-12-03 11:07:50','68','62','21',10),(2254,'2018-12-03 11:08:01','68','64','21',10),(2255,'2018-12-03 11:08:11','68','65','21',10),(2256,'2018-12-03 11:08:21','68','66','21',10),(2257,'2018-12-03 11:08:32','68','66','21',10),(2258,'2018-12-03 11:08:42','68','69','21',10),(2259,'2018-12-03 11:08:52','68','69','21',10),(2260,'2018-12-03 11:09:03','68','69','21',10),(2261,'2018-12-03 11:09:13','68','70','21',10),(2262,'2018-12-03 11:09:23','68','69','21',10),(2263,'2018-12-03 11:09:34','68','68','21',10),(2264,'2018-12-03 11:09:44','67','67','21',10),(2265,'2018-12-03 11:09:54','67','65','21',10),(2266,'2018-12-03 11:10:05','67','38','21',10),(2267,'2018-12-03 11:10:15','67','4','21',10),(2268,'2018-12-03 11:10:25','68','4','21',10),(2269,'2018-12-03 11:10:36','68','5','21',10),(2270,'2018-12-03 14:24:49','57','45','20',10),(2271,'2018-12-03 14:24:49','54','31','20',10),(2272,'2018-12-03 14:24:49','53','31','21',10),(2273,'2018-12-03 14:24:49','53','41','21',10),(2274,'2018-12-03 14:24:49','53','33','21',10),(2275,'2018-12-03 14:24:49','53','42','21',10),(2276,'2018-12-03 14:24:49','53','42','21',10),(2277,'2018-12-03 14:24:49','53','41','21',10),(2278,'2018-12-03 14:24:49','53','41','21',10),(2279,'2018-12-03 14:24:49','53','36','21',10),(2280,'2018-12-03 14:24:49','52','37','21',10),(2282,'2018-12-03 14:24:49','51','45','21',11),(2283,'2018-12-03 14:24:49','51','43','21',11),(2284,'2018-12-03 14:24:49','51','35','21',11),(2285,'2018-12-03 14:24:49','51','37','21',11),(2286,'2018-12-03 14:24:49','51','39','21',11),(2287,'2018-12-03 14:24:49','50','47','21',11),(2288,'2018-12-03 14:24:49','50','52','21',11),(2289,'2018-12-03 14:24:49','50','67','22',11),(2290,'2018-12-03 14:24:49','49','92','22',11),(2291,'2018-12-03 14:24:49','49','101','22',11),(2292,'2018-12-03 14:24:49','49','98','22',11),(2293,'2018-12-03 14:24:49','49','102','22',11),(2294,'2018-12-03 14:24:49','49','99','22',11),(2295,'2018-12-03 14:24:49','49','64','22',11),(2296,'2018-12-03 14:24:49','50','88','22',11),(2297,'2018-12-03 14:24:49','49','67','22',11),(2298,'2018-12-03 14:24:49','49','68','22',11),(2299,'2018-12-03 14:24:50','48','55','22',11),(2300,'2018-12-03 14:24:50','48','59','22',11),(2301,'2018-12-03 14:24:50','48','46','22',11),(2302,'2018-12-03 14:24:50','48','50','22',11),(2303,'2018-12-03 14:24:50','48','46','22',11),(2304,'2018-12-03 14:24:50','48','48','22',11),(2305,'2018-12-03 14:24:50','48','41','22',11),(2306,'2018-12-03 14:24:50','48','58','22',11),(2307,'2018-12-03 14:24:53','48','52','22',11),(2308,'2018-12-03 14:24:59','48','50','22',11),(2309,'2018-12-03 14:25:10','48','51','22',11),(2310,'2018-12-03 14:25:32','48','49','22',11),(2311,'2018-12-03 14:25:32','48','38','22',11),(2312,'2018-12-03 14:25:40','48','50','22',11),(2313,'2018-12-03 14:25:55','48','46','22',11),(2314,'2018-12-03 14:26:02','48','52','22',11),(2315,'2018-12-03 14:26:41','49','50','22',11),(2316,'2018-12-03 14:26:46','48','54','22',11),(2317,'2018-12-03 14:26:57','48','54','22',11),(2318,'2018-12-03 14:27:08','48','53','23',11),(2319,'2018-12-03 14:28:14','47','243','23',11),(2320,'2018-12-03 14:28:19','47','256','23',11),(2321,'2018-12-03 14:28:30','47','318','23',11),(2322,'2018-12-03 14:28:57','47','202','23',11),(2323,'2018-12-03 14:29:07','47','212','23',11),(2324,'2018-12-03 14:29:16','47','175','23',11),(2325,'2018-12-03 14:29:26','47','120','23',11),(2326,'2018-12-03 14:30:00','46','92','23',11),(2327,'2018-12-03 14:30:10','47','117','23',11),(2328,'2018-12-03 14:30:19','47','140','23',11),(2329,'2018-12-03 14:30:30','47','157','23',11),(2330,'2018-12-03 14:30:40','47','149','23',11),(2331,'2018-12-03 14:31:07','47','160','23',11),(2332,'2018-12-03 14:31:11','46','135','23',11),(2333,'2018-12-03 14:31:21','47','132','23',11),(2334,'2018-12-03 14:31:37','47','45','23',11),(2335,'2018-12-03 14:31:42','47','114','23',11),(2336,'2018-12-03 14:32:36','46','101','23',11),(2337,'2018-12-03 14:32:36','46','91','23',11),(2338,'2018-12-03 14:32:40','46','88','23',11),(2339,'2018-12-03 14:33:00','46','87','23',11),(2340,'2018-12-03 14:33:04','46','90','23',11),(2341,'2018-12-03 14:33:12','46','111','23',11),(2342,'2018-12-03 14:33:22','46','54','23',11),(2343,'2018-12-03 14:33:33','46','158','23',11),(2344,'2018-12-03 14:33:42','46','186','23',11),(2345,'2018-12-03 14:33:53','46','213','23',11),(2346,'2018-12-03 14:34:12','46','211','23',11),(2347,'2018-12-03 14:34:37','46','394','23',11),(2348,'2018-12-03 14:34:42','46','344','23',11),(2349,'2018-12-03 14:34:52','46','74','23',11),(2350,'2018-12-03 14:35:06','46','288','23',11),(2351,'2018-12-03 14:35:14','46','112','23',11),(2352,'2018-12-03 14:35:24','46','270','23',11),(2353,'2018-12-03 14:35:43','46','225','23',11),(2354,'2018-12-03 14:35:44','46','145','23',11),(2355,'2018-12-03 14:35:54','47','209','23',11),(2356,'2018-12-03 14:36:28','46','170','23',11),(2357,'2018-12-03 14:36:42','47','183','23',11),(2358,'2018-12-03 14:36:47','47','89','23',11),(2359,'2018-12-03 14:36:58','46','173','23',11),(2360,'2018-12-03 14:37:17','46','167','23',11),(2361,'2018-12-03 14:37:18','46','164','23',11),(2362,'2018-12-03 14:37:38','46','159','23',11),(2363,'2018-12-03 14:37:42','46','158','23',11),(2364,'2018-12-03 14:37:49','46','158','23',11),(2365,'2018-12-03 14:38:00','46','153','23',11),(2366,'2018-12-03 14:38:24','46','75','23',11),(2367,'2018-12-03 14:38:33','46','68','23',11),(2368,'2018-12-03 14:38:43','46','74','23',11),(2369,'2018-12-03 14:38:59','46','130','23',11),(2370,'2018-12-03 14:39:05','46','121','23',11),(2371,'2018-12-03 14:39:15','46','98','23',11),(2372,'2018-12-03 14:39:24','46','96','23',11),(2373,'2018-12-03 14:39:35','46','111','23',11),(2374,'2018-12-03 14:39:50','46','115','23',11),(2375,'2018-12-03 14:39:56','46','121','23',11),(2376,'2018-12-03 14:40:07','46','121','23',11),(2377,'2018-12-03 14:40:38','46','150','23',11),(2378,'2018-12-03 14:40:57','46','158','23',11),(2379,'2018-12-03 14:40:57','46','154','23',11),(2380,'2018-12-03 14:41:09','46','174','23',11),(2381,'2018-12-03 14:41:56','46','143','23',11),(2382,'2018-12-03 14:41:56','46','171','23',11),(2383,'2018-12-03 14:42:00','46','161','23',11),(2384,'2018-12-03 14:42:11','46','168','23',11),(2385,'2018-12-03 14:42:21','46','88','23',11),(2386,'2018-12-03 14:42:32','46','68','23',11),(2387,'2018-12-03 14:42:42','46','91','23',11),(2388,'2018-12-03 14:42:51','46','92','23',11),(2389,'2018-12-03 14:43:02','46','127','23',11),(2390,'2018-12-03 14:43:13','46','137','23',11),(2391,'2018-12-03 14:43:23','46','150','23',11),(2392,'2018-12-03 14:43:34','46','99','23',11),(2393,'2018-12-03 14:43:43','46','137','23',11),(2394,'2018-12-03 14:43:53','46','116','23',11),(2395,'2018-12-03 14:44:26','46','72','23',11),(2396,'2018-12-03 14:44:34','46','110','23',11),(2397,'2018-12-03 14:44:40','46','113','23',11),(2398,'2018-12-03 14:45:13','46','153','23',11),(2399,'2018-12-03 14:45:13','46','146','23',11),(2400,'2018-12-03 14:45:18','46','154','23',11),(2401,'2018-12-03 14:45:27','45','158','23',11),(2402,'2018-12-03 14:45:37','46','161','23',11),(2403,'2018-12-03 14:45:51','46','164','23',11),(2404,'2018-12-03 14:45:59','46','112','23',11),(2405,'2018-12-03 14:46:09','46','133','23',11),(2406,'2018-12-03 14:46:23','46','148','23',11),(2407,'2018-12-03 14:46:29','46','173','23',11),(2408,'2018-12-03 14:46:39','46','176','23',11),(2409,'2018-12-03 14:47:07','46','195','23',11),(2410,'2018-12-03 14:47:16','46','198','23',11),(2411,'2018-12-03 14:47:26','46','201','23',11),(2412,'2018-12-03 14:47:37','46','202','23',11),(2413,'2018-12-03 14:47:47','46','192','23',11),(2414,'2018-12-03 14:48:20','46','206','23',11),(2415,'2018-12-03 14:48:29','46','208','23',11),(2416,'2018-12-03 14:48:38','46','210','23',11),(2417,'2018-12-03 14:48:58','46','210','23',11),(2418,'2018-12-03 14:49:08','46','210','23',11),(2419,'2018-12-03 14:49:10','46','209','23',11),(2420,'2018-12-03 14:49:24','46','212','23',11),(2421,'2018-12-03 14:49:30','46','192','23',11),(2422,'2018-12-03 14:49:40','46','195','23',11),(2423,'2018-12-03 14:50:00','46','201','23',11),(2424,'2018-12-03 14:50:02','46','206','23',11),(2425,'2018-12-03 14:50:12','46','203','23',11),(2426,'2018-12-03 14:50:23','46','212','23',11),(2427,'2018-12-03 14:50:32','46','212','23',11),(2428,'2018-12-03 14:50:47','46','192','23',11),(2429,'2018-12-03 14:50:54','46','212','23',11),(2430,'2018-12-03 14:51:36','46','240','23',11),(2431,'2018-12-03 14:51:42','46','244','23',11),(2432,'2018-12-03 14:51:51','46','248','23',11),(2433,'2018-12-03 14:52:11','46','251','23',11),(2434,'2018-12-03 14:52:21','46','256','23',11),(2435,'2018-12-03 14:52:23','46','247','23',11),(2436,'2018-12-03 14:52:42','45','252','23',11),(2437,'2018-12-03 14:52:43','45','187','23',11),(2438,'2018-12-03 14:52:53','45','235','23',11),(2439,'2018-12-03 14:53:04','45','385','23',11),(2440,'2018-12-03 14:53:14','46','201','23',11),(2441,'2018-12-03 14:53:35','46','286','23',11),(2442,'2018-12-03 14:53:35','46','238','23',11),(2443,'2018-12-03 14:53:45','47','98','23',11),(2444,'2018-12-03 14:55:24','46','51','23',11),(2445,'2018-12-03 14:55:39','46','49','23',11),(2446,'2018-12-03 14:55:39','46','41','23',11),(2447,'2018-12-03 14:55:49','46','38','23',11),(2448,'2018-12-03 14:56:01','46','40','23',11),(2449,'2018-12-03 14:56:19','46','48','23',11),(2450,'2018-12-03 14:56:45','46','57','23',11),(2451,'2018-12-03 14:57:00','45','53','23',11),(2452,'2018-12-03 14:57:00','45','53','23',11),(2453,'2018-12-03 14:57:10','45','51','23',11),(2454,'2018-12-03 14:57:48','46','58','23',11),(2455,'2018-12-03 14:57:48','46','51','23',11),(2456,'2018-12-03 14:57:52','46','49','23',11),(2457,'2018-12-03 14:58:02','46','47','23',11),(2458,'2018-12-03 14:58:13','47','48','23',11),(2459,'2018-12-03 14:58:23','47','50','23',11),(2460,'2018-12-03 14:58:34','47','53','23',11),(2461,'2018-12-03 14:58:53','47','56','23',11),(2462,'2018-12-03 14:59:03','47','55','22',11),(2463,'2018-12-03 14:59:14','47','55','22',11),(2464,'2018-12-03 14:59:24','47','54','22',11),(2465,'2018-12-03 14:59:25','47','56','22',11),(2466,'2018-12-03 14:59:35','47','40','22',11),(2467,'2018-12-03 15:00:07','47','53','22',11),(2468,'2018-12-03 15:00:13','47','53','22',11),(2469,'2018-12-03 15:00:22','47','54','22',11),(2470,'2018-12-03 15:00:32','47','38','22',11),(2471,'2018-12-03 15:00:43','47','47','22',11),(2472,'2018-12-03 15:01:02','48','40','22',11),(2473,'2018-12-03 15:01:07','48','42','22',11),(2474,'2018-12-03 15:19:42','48','35','22',11),(2475,'2018-12-03 15:19:52','48','51','22',11),(2476,'2018-12-03 15:20:02','48','104','22',11),(2477,'2018-12-03 15:20:13','48','155','22',11),(2478,'2018-12-03 15:20:48','48','147','22',11),(2479,'2018-12-03 15:20:53','48','100','22',11),(2480,'2018-12-03 15:21:02','48','99','22',11),(2481,'2018-12-03 15:21:13','49','112','22',11),(2482,'2018-12-03 15:21:23','49','128','22',11),(2483,'2018-12-03 15:21:33','49','122','22',11),(2484,'2018-12-03 15:21:45','49','93','22',11),(2485,'2018-12-03 15:21:55','49','69','22',11),(2486,'2018-12-03 15:22:05','49','80','22',11),(2487,'2018-12-03 15:22:37','49','83','22',11),(2488,'2018-12-03 15:22:46','49','40','22',11),(2489,'2018-12-03 15:22:56','49','82','22',11),(2490,'2018-12-03 15:23:06','49','98','22',11),(2491,'2018-12-03 15:23:18','49','92','22',11),(2492,'2018-12-03 15:23:28','49','88','22',11),(2493,'2018-12-03 15:23:38','49','75','22',11),(2494,'2018-12-03 15:23:49','50','40','22',11),(2495,'2018-12-03 15:23:59','50','23','22',11),(2496,'2018-12-03 15:24:08','50','20','22',11),(2497,'2018-12-03 15:24:19','50','19','22',11),(2498,'2018-12-03 15:24:29','50','24','22',11),(2499,'2018-12-03 15:24:41','50','19','22',11),(2500,'2018-12-03 15:24:59','50','19','22',11),(2501,'2018-12-03 15:25:10','50','19','22',11),(2502,'2018-12-03 15:25:12','50','19','22',11),(2503,'2018-12-03 15:25:22','50','18','22',11),(2504,'2018-12-03 15:25:31','50','18','22',11),(2505,'2018-12-03 15:25:41','50','17','22',11),(2506,'2018-12-03 15:25:52','50','17','22',11),(2507,'2018-12-03 15:26:02','50','17','22',11),(2508,'2018-12-03 15:26:13','50','17','22',11),(2509,'2018-12-03 15:26:24','50','17','22',11),(2510,'2018-12-03 15:26:34','50','16','22',11),(2511,'2018-12-03 15:26:45','50','16','22',11),(2512,'2018-12-03 15:26:54','50','16','22',11),(2513,'2018-12-03 15:27:04','50','16','22',11),(2514,'2018-12-03 15:27:14','50','15','22',11),(2515,'2018-12-03 15:27:26','50','15','22',11),(2516,'2018-12-03 15:27:36','50','15','22',11),(2517,'2018-12-03 15:27:46','50','15','22',11),(2518,'2018-12-03 15:27:57','50','15','22',11),(2519,'2018-12-03 15:28:07','50','15','22',11),(2520,'2018-12-03 15:28:16','50','14','22',11),(2521,'2018-12-03 15:28:27','50','15','22',11),(2522,'2018-12-03 15:28:37','50','15','22',11),(2523,'2018-12-03 15:28:47','50','14','22',11),(2524,'2018-12-03 15:29:02','50','13','22',11),(2525,'2018-12-03 15:29:09','50','14','22',11),(2526,'2018-12-03 15:29:20','50','16','22',11),(2527,'2018-12-03 15:29:30','50','20','22',11),(2528,'2018-12-03 15:29:39','50','25','22',11),(2529,'2018-12-03 15:29:49','50','20','22',11),(2530,'2018-12-03 15:30:00','50','18','22',11),(2531,'2018-12-03 15:30:11','50','15','22',11),(2532,'2018-12-03 15:30:21','50','12','22',11),(2533,'2018-12-03 15:30:32','50','12','22',11),(2534,'2018-12-03 15:30:42','50','12','22',11),(2535,'2018-12-03 15:31:01','50','12','22',11),(2536,'2018-12-03 15:31:02','50','12','22',11),(2537,'2018-12-03 15:31:12','50','11','22',11),(2538,'2018-12-03 15:31:22','50','11','22',11),(2539,'2018-12-03 15:31:33','50','11','22',11),(2540,'2018-12-03 15:31:44','50','10','22',11),(2541,'2018-12-03 15:31:54','50','10','22',11),(2542,'2018-12-03 15:32:15','50','10','22',11),(2543,'2018-12-03 15:32:15','50','10','22',11),(2544,'2018-12-03 15:32:24','51','10','22',11),(2545,'2018-12-03 15:32:35','51','9','22',11),(2546,'2018-12-03 15:32:45','51','9','22',11),(2547,'2018-12-03 15:32:55','51','9','22',11),(2548,'2018-12-03 15:33:07','51','10','22',11),(2549,'2018-12-03 15:33:17','51','10','22',11),(2550,'2018-12-03 15:33:27','51','10','22',11),(2551,'2018-12-03 15:33:38','51','10','22',11),(2552,'2018-12-03 15:33:48','50','10','22',11),(2553,'2018-12-03 15:33:57','50','11','22',11),(2554,'2018-12-03 15:34:08','50','10','22',11),(2555,'2018-12-03 15:34:18','50','9','22',11),(2556,'2018-12-03 15:34:29','50','9','22',11),(2557,'2018-12-03 15:34:39','50','10','22',11),(2558,'2018-12-03 15:34:50','50','9','22',11),(2559,'2018-12-03 15:35:00','50','9','22',11),(2560,'2018-12-03 15:35:14','50','9','22',11),(2561,'2018-12-03 15:35:20','50','9','22',11),(2562,'2018-12-03 15:35:30','50','8','22',11),(2563,'2018-12-03 15:35:41','50','8','22',11),(2564,'2018-12-03 15:36:01','50','8','22',11),(2565,'2018-12-03 15:36:02','50','8','22',11),(2566,'2018-12-03 15:36:21','50','8','22',11),(2567,'2018-12-03 15:36:23','50','7','22',11),(2568,'2018-12-03 15:36:33','50','8','22',11),(2569,'2018-12-03 15:36:43','50','8','22',11),(2570,'2018-12-03 15:36:53','50','8','22',11),(2571,'2018-12-03 15:37:03','50','8','22',11),(2572,'2018-12-03 15:37:13','50','7','22',11),(2573,'2018-12-03 15:37:25','50','8','22',11),(2574,'2018-12-03 15:37:35','50','8','22',11),(2575,'2018-12-03 15:37:46','50','8','22',11),(2576,'2018-12-03 15:37:56','50','10','22',11),(2577,'2018-12-03 15:38:05','50','10','22',11),(2578,'2018-12-03 15:38:15','51','7','22',11),(2579,'2018-12-03 15:38:26','51','7','22',11),(2580,'2018-12-03 15:38:38','51','8','22',11),(2581,'2018-12-03 15:38:50','50','10','22',11),(2582,'2018-12-03 15:39:12','50','56','22',11),(2583,'2018-12-03 15:39:20','50','32','22',11),(2584,'2018-12-03 15:39:31','50','53','22',11),(2585,'2018-12-03 15:39:41','50','59','22',11),(2586,'2018-12-03 15:39:53','50','53','22',11),(2587,'2018-12-03 15:40:20','51','22','22',11),(2588,'2018-12-03 15:40:25','51','12','22',11),(2589,'2018-12-03 15:40:36','51','12','22',11),(2590,'2018-12-03 15:40:46','51','11','22',11),(2591,'2018-12-03 15:40:56','51','11','22',11),(2592,'2018-12-03 15:41:20','51','86','22',11),(2593,'2018-12-03 15:41:30','51','81','22',11),(2594,'2018-12-03 15:41:40','51','54','22',11),(2595,'2018-12-03 15:41:51','51','14','22',11),(2596,'2018-12-03 15:42:15','51','10','22',11),(2597,'2018-12-03 15:42:15','51','10','22',11),(2598,'2018-12-03 15:42:23','51','9','22',11),(2599,'2018-12-03 15:42:53','51','8','22',11),(2600,'2018-12-03 15:43:03','51','8','22',11),(2601,'2018-12-03 15:43:13','51','8','22',11),(2602,'2018-12-03 15:43:24','51','8','22',11),(2603,'2018-12-03 15:43:35','51','7','22',11),(2604,'2018-12-03 15:43:57','51','7','22',11),(2605,'2018-12-03 15:44:08','2147483647','69','2147483647',11),(2606,'2018-12-03 15:44:41','52','9','22',11),(2607,'2018-12-03 15:44:49','51','9','22',11),(2608,'2018-12-03 15:45:00','51','8','22',11),(2609,'2018-12-03 15:45:10','51','8','22',11),(2610,'2018-12-03 15:45:21','51','9','22',11),(2611,'2018-12-03 15:45:34','51','10','22',11),(2612,'2018-12-03 15:45:54','51','30','22',11),(2613,'2018-12-03 15:46:04','51','11','22',11),(2614,'2018-12-03 15:46:15','51','12','22',11),(2615,'2018-12-03 15:46:30','51','13','22',11),(2616,'2018-12-03 15:46:36','51','14','22',11),(2617,'2018-12-03 15:46:47','51','14','22',11),(2618,'2018-12-03 15:46:57','51','13','22',11),(2619,'2018-12-03 15:47:06','51','12','22',11),(2620,'2018-12-03 15:47:16','51','11','22',11),(2621,'2018-12-03 15:47:27','51','9','22',11),(2622,'2018-12-03 15:47:42','51','9','22',11),(2623,'2018-12-03 15:47:48','51','8','23',11),(2624,'2018-12-03 15:47:59','51','30','23',11),(2625,'2018-12-03 15:48:26','51','11','23',11),(2626,'2018-12-03 15:48:33','51','12','23',11),(2627,'2018-12-03 15:48:42','51','10','23',11),(2628,'2018-12-03 15:48:52','51','10','23',11),(2629,'2018-12-03 15:49:04','51','11','23',11),(2630,'2018-12-03 15:49:14','51','13','23',11),(2631,'2018-12-03 15:49:33','51','14','23',11),(2632,'2018-12-03 15:49:34','51','15','23',11),(2633,'2018-12-03 15:50:01','51','14','23',11),(2634,'2018-12-03 15:50:09','51','14','22',11),(2635,'2018-12-03 15:50:15','51','13','23',11),(2636,'2018-12-03 15:50:25','51','16','23',11),(2637,'2018-12-03 15:50:37','51','14','23',11),(2638,'2018-12-03 15:51:06','51','73','23',11),(2639,'2018-12-03 15:51:11','51','33','23',11),(2640,'2018-12-03 15:51:20','51','20','23',11),(2641,'2018-12-03 15:51:30','51','45','23',11),(2642,'2018-12-03 15:51:42','51','23','23',11),(2643,'2018-12-03 15:51:52','51','32','23',11),(2644,'2018-12-03 15:52:02','51','20','23',11),(2645,'2018-12-03 15:52:31','51','52','23',11),(2646,'2018-12-03 15:52:37','51','97','23',11),(2647,'2018-12-03 15:52:47','51','102','23',11),(2648,'2018-12-03 15:52:56','51','98','23',11),(2649,'2018-12-03 15:53:06','51','26','23',11),(2650,'2018-12-03 15:53:18','51','26','23',11),(2651,'2018-12-03 15:53:53','51','18','23',11),(2652,'2018-12-03 15:54:21','51','119','23',11),(2653,'2018-12-03 15:54:31','51','168','23',11),(2654,'2018-12-03 15:54:40','51','124','23',11),(2655,'2018-12-03 15:54:50','51','79','23',11),(2656,'2018-12-03 15:55:00','51','26','23',11),(2657,'2018-12-03 15:55:12','51','15','23',11),(2658,'2018-12-03 15:55:25','51','15','23',11),(2659,'2018-12-03 15:55:32','51','14','23',11),(2660,'2018-12-03 15:56:20','51','17','23',11),(2661,'2018-12-03 15:56:46','51','14','23',11),(2662,'2018-12-03 15:57:17','51','11','23',11),(2663,'2018-12-03 15:57:26','51','11','23',11),(2664,'2018-12-03 15:57:36','51','11','23',11),(2665,'2018-12-03 15:58:10','51','12','23',11),(2666,'2018-12-03 15:58:10','51','34','23',11),(2667,'2018-12-03 15:58:18','51','24','23',11),(2668,'2018-12-03 15:58:28','51','90','23',11),(2669,'2018-12-03 15:58:38','51','101','23',11),(2670,'2018-12-03 15:58:50','51','112','23',11),(2671,'2018-12-03 15:59:00','51','101','23',11),(2672,'2018-12-03 15:59:35','51','21','23',11),(2673,'2018-12-03 15:59:36','51','18','23',11),(2674,'2018-12-03 15:59:43','51','40','23',11),(2675,'2018-12-03 15:59:54','51','31','23',11),(2676,'2018-12-03 16:00:14','51','16','23',11),(2677,'2018-12-03 16:00:15','51','71','23',11),(2678,'2018-12-03 16:00:50','51','148','23',11),(2679,'2018-12-03 16:00:50','51','164','23',11),(2680,'2018-12-03 16:00:58','51','164','23',11),(2681,'2018-12-03 16:01:08','51','97','23',11),(2682,'2018-12-03 16:01:19','51','76','23',11),(2683,'2018-12-03 16:01:30','51','85','23',11),(2684,'2018-12-03 16:01:40','51','81','23',11),(2685,'2018-12-03 16:01:50','51','38','23',11),(2686,'2018-12-03 16:02:34','51','117','23',11),(2687,'2018-12-03 16:02:34','51','76','23',11),(2688,'2018-12-03 16:02:41','51','52','23',11),(2689,'2018-12-03 16:02:52','51','42','23',11),(2690,'2018-12-03 16:03:03','51','42','23',11),(2693,'2018-12-06 08:53:53','48','186','23',12),(2694,'2018-12-06 08:54:04','46','201','23',12),(2695,'2018-12-06 08:54:14','46','201','23',12),(2696,'2018-12-06 08:54:24','46','200','23',12),(2697,'2018-12-06 08:54:35','46','190','23',12),(2698,'2018-12-06 08:54:45','46','183','23',12),(2699,'2018-12-06 08:54:56','46','170','23',12),(2700,'2018-12-06 08:55:06','46','191','23',12),(2701,'2018-12-06 08:55:16','46','188','23',12),(2702,'2018-12-06 08:55:26','46','186','23',12),(2703,'2018-12-06 08:55:37','46','193','23',12),(2704,'2018-12-06 08:55:47','46','176','23',12),(2705,'2018-12-06 08:55:57','46','191','23',12),(2706,'2018-12-06 08:56:08','46','179','23',12),(2707,'2018-12-06 08:56:18','46','178','23',12),(2708,'2018-12-06 08:56:28','46','168','23',12),(2709,'2018-12-06 08:56:39','46','169','23',12),(2710,'2018-12-06 08:56:49','46','171','23',12),(2711,'2018-12-06 08:56:59','46','178','23',12),(2712,'2018-12-06 08:57:09','46','158','24',12),(2713,'2018-12-06 08:57:20','46','157','24',12),(2714,'2018-12-06 08:57:30','46','166','24',12),(2715,'2018-12-06 08:57:40','45','160','23',12),(2716,'2018-12-06 08:57:51','45','158','23',12),(2717,'2018-12-06 08:58:01','45','159','23',12),(2718,'2018-12-06 08:58:11','45','157','23',12),(2719,'2018-12-06 08:58:22','45','163','23',12),(2720,'2018-12-06 08:58:32','45','146','23',12),(2721,'2018-12-06 08:58:42','45','189','23',12),(2722,'2018-12-06 08:58:53','46','189','23',12),(2723,'2018-12-06 08:59:03','46','171','23',12),(2724,'2018-12-06 08:59:13','45','192','23',12),(2725,'2018-12-06 09:00:21','45','192','23',12),(2726,'2018-12-06 09:00:31','45','189','23',12),(2727,'2018-12-06 09:00:41','45','179','23',12),(2728,'2018-12-06 09:00:52','45','152','23',12),(2729,'2018-12-06 09:01:02','45','176','23',12),(2730,'2018-12-06 09:01:12','45','191','23',12),(2731,'2018-12-06 09:01:22','45','193','23',12),(2732,'2018-12-06 09:01:33','45','194','23',12),(2733,'2018-12-06 09:01:43','45','183','23',12),(2734,'2018-12-06 09:01:53','45','47','23',12),(2735,'2018-12-06 09:02:04','45','43','23',12),(2736,'2018-12-06 09:02:14','46','66','23',12),(2737,'2018-12-06 09:02:24','46','46','23',12),(2738,'2018-12-06 09:02:35','45','133','23',12),(2739,'2018-12-06 09:02:45','45','67','23',12),(2740,'2018-12-06 09:02:55','45','105','23',12),(2741,'2018-12-06 09:03:06','46','116','23',12),(2742,'2018-12-06 09:03:16','45','112','23',12),(2743,'2018-12-06 09:03:26','44','116','23',12),(2744,'2018-12-06 09:03:37','44','115','23',12),(2745,'2018-12-06 09:03:47','44','113','23',12),(2746,'2018-12-06 09:03:57','44','106','23',12),(2747,'2018-12-06 09:04:08','44','107','23',12),(2748,'2018-12-06 09:04:18','45','107','23',12),(2749,'2018-12-06 09:04:28','44','114','23',12),(2750,'2018-12-06 09:04:39','44','107','23',12),(2751,'2018-12-06 09:04:50','45','109','23',12),(2752,'2018-12-06 09:05:00','45','121','23',12),(2753,'2018-12-06 09:05:10','45','109','23',12),(2754,'2018-12-06 09:05:20','44','107','23',12),(2755,'2018-12-06 09:05:31','44','115','23',12),(2756,'2018-12-06 09:05:41','44','118','23',12),(2757,'2018-12-06 09:05:52','44','117','23',12),(2758,'2018-12-06 09:06:01','44','112','23',12),(2759,'2018-12-06 09:06:12','44','121','23',12),(2760,'2018-12-06 09:06:22','44','120','23',12),(2761,'2018-12-06 09:06:42','44','114','23',12),(2762,'2018-12-06 09:06:52','44','123','24',12),(2763,'2018-12-06 09:06:53','44','123','24',12),(2764,'2018-12-06 09:07:03','44','120','24',12),(2765,'2018-12-06 09:07:13','44','112','24',12),(2766,'2018-12-06 09:07:25','44','119','24',12),(2767,'2018-12-06 09:07:34','44','112','24',12),(2768,'2018-12-06 09:07:44','44','107','24',12),(2769,'2018-12-06 09:07:55','44','87','24',12),(2770,'2018-12-06 09:08:05','46','76','24',12),(2771,'2018-12-06 09:08:25','46','118','24',12),(2772,'2018-12-06 09:08:26','46','115','24',12),(2773,'2018-12-06 09:08:37','45','120','24',12),(2774,'2018-12-06 09:08:46','44','117','24',12),(2775,'2018-12-06 09:08:57','44','122','24',12),(2776,'2018-12-06 09:09:08','44','122','24',12),(2777,'2018-12-06 09:09:44','43','118','24',12),(2778,'2018-12-06 09:09:48','43','121','24',12),(2779,'2018-12-06 09:09:59','43','121','24',12),(2780,'2018-12-06 09:10:10','43','123','24',12),(2781,'2018-12-06 09:10:20','44','120','24',12),(2782,'2018-12-06 09:10:30','44','122','24',12),(2783,'2018-12-06 09:10:40','44','121','24',12),(2784,'2018-12-06 09:10:50','43','116','24',12),(2785,'2018-12-06 09:11:10','43','118','24',12),(2786,'2018-12-06 09:11:12','43','114','24',12),(2787,'2018-12-06 09:11:21','43','123','24',12),(2788,'2018-12-06 09:11:32','43','111','24',12),(2789,'2018-12-06 09:11:46','43','114','24',12),(2790,'2018-12-06 09:11:53','42','117','24',12),(2791,'2018-12-06 09:12:03','42','128','24',12),(2792,'2018-12-06 09:12:13','43','125','24',12),(2793,'2018-12-06 09:12:23','43','128','24',12),(2794,'2018-12-06 09:12:33','43','134','24',12),(2795,'2018-12-06 09:12:45','43','130','24',12),(2796,'2018-12-06 09:12:55','43','128','24',12),(2797,'2018-12-06 09:13:04','43','135','24',12),(2798,'2018-12-06 09:13:15','43','92','24',12),(2799,'2018-12-06 09:14:08','47','172','24',12),(2800,'2018-12-06 09:14:19','46','190','24',12),(2801,'2018-12-06 09:14:30','45','173','24',12),(2802,'2018-12-06 09:14:49','44','185','24',12),(2803,'2018-12-06 09:14:51','44','175','24',12),(2804,'2018-12-06 09:15:00','44','173','24',12),(2805,'2018-12-06 09:15:10','43','180','24',12),(2806,'2018-12-06 09:15:22','42','184','24',12),(2807,'2018-12-06 09:16:01','41','195','24',12),(2808,'2018-12-06 09:16:06','42','179','24',12),(2809,'2018-12-06 09:16:16','42','200','24',12),(2810,'2018-12-06 09:16:26','43','187','24',12),(2811,'2018-12-06 09:16:38','43','183','24',12),(2812,'2018-12-06 09:16:48','43','185','24',12),(2813,'2018-12-06 09:16:57','43','199','24',12),(2814,'2018-12-06 09:17:08','43','191','24',12),(2815,'2018-12-06 09:17:19','43','198','24',12),(2816,'2018-12-06 09:17:29','43','194','24',12),(2817,'2018-12-06 09:17:39','43','197','24',12),(2818,'2018-12-06 09:17:49','44','201','24',12),(2819,'2018-12-06 09:17:59','43','200','24',12),(2820,'2018-12-06 09:18:10','43','184','24',12),(2821,'2018-12-06 09:18:21','44','184','24',12),(2822,'2018-12-06 09:18:31','46','159','24',12),(2823,'2018-12-06 09:18:41','45','139','24',12),(2824,'2018-12-06 09:18:51','44','136','24',12),(2825,'2018-12-06 09:19:11','51','156','24',12),(2826,'2018-12-06 09:19:13','53','154','24',12),(2827,'2018-12-06 09:19:22','51','127','24',12),(2828,'2018-12-06 09:19:32','47','64','24',12),(2829,'2018-12-06 09:19:44','48','183','24',12),(2830,'2018-12-06 09:20:06','47','123','24',12),(2831,'2018-12-06 09:20:16','44','150','24',12),(2832,'2018-12-06 09:20:29','43','144','24',12),(2833,'2018-12-06 09:20:38','44','55','24',12),(2834,'2018-12-06 09:20:57','44','116','24',12),(2835,'2018-12-06 09:20:59','42','140','24',12),(2836,'2018-12-06 09:21:08','43','204','24',12),(2837,'2018-12-06 09:21:18','42','87','24',12),(2838,'2018-12-06 09:21:40','42','183','24',12),(2839,'2018-12-06 09:21:41','43','29','24',12),(2840,'2018-12-06 09:21:49','43','88','24',12),(2841,'2018-12-06 09:22:00','43','188','25',12),(2842,'2018-12-06 09:22:11','42','39','25',12),(2843,'2018-12-06 09:22:20','42','205','25',12),(2844,'2018-12-06 09:22:31','43','193','25',12),(2845,'2018-12-06 09:22:41','44','197','25',12),(2846,'2018-12-06 09:22:51','44','246','25',12),(2847,'2018-12-06 09:23:01','43','210','25',12),(2848,'2018-12-06 09:23:12','43','173','25',12),(2849,'2018-12-06 09:23:22','45','197','25',12),(2850,'2018-12-06 09:23:32','45','154','25',12),(2851,'2018-12-06 09:23:43','45','151','25',12),(2852,'2018-12-06 09:23:53','44','157','25',12),(2853,'2018-12-06 09:24:03','45','167','25',12),(2854,'2018-12-06 09:24:14','46','167','25',12),(2855,'2018-12-06 09:24:24','47','126','25',12),(2856,'2018-12-06 09:24:34','47','168','25',12),(2857,'2018-12-06 09:24:45','47','165','25',12),(2858,'2018-12-06 09:24:55','47','158','25',12),(2859,'2018-12-06 09:25:05','45','162','25',12),(2860,'2018-12-06 09:25:16','44','170','25',12),(2861,'2018-12-06 09:25:26','44','165','25',12),(2862,'2018-12-06 09:25:36','46','182','25',12),(2863,'2018-12-06 09:25:47','47','160','25',12),(2864,'2018-12-06 09:25:57','46','158','25',12),(2865,'2018-12-06 09:26:07','46','166','25',12),(2866,'2018-12-06 09:26:18','45','175','25',12),(2867,'2018-12-06 09:26:28','46','166','25',12),(2868,'2018-12-06 09:26:38','47','105','25',12),(2869,'2018-12-06 09:26:49','45','176','25',12),(2870,'2018-12-06 09:26:59','47','75','25',12),(2871,'2018-12-06 09:27:09','44','46','25',12),(2872,'2018-12-06 09:27:20','43','55','25',12),(2873,'2018-12-06 09:27:30','42','69','25',12),(2874,'2018-12-06 09:27:40','2147483647','996','2147483647',12),(2875,'2018-12-06 09:27:50','2147483647','1020','2147483647',12),(2876,'2018-12-06 09:28:01','43','221','25',12),(2877,'2018-12-06 09:28:11','43','209','25',12),(2878,'2018-12-06 09:28:21','42','40','25',12),(2879,'2018-12-06 09:29:18','42','282','25',12),(2880,'2018-12-06 09:29:28','42','247','25',12),(2881,'2018-12-06 09:29:39','42','245','25',12),(2882,'2018-12-06 09:29:49','41','201','25',12),(2883,'2018-12-06 09:29:59','41','227','25',12),(2884,'2018-12-06 09:30:10','41','226','25',12),(2885,'2018-12-06 09:30:20','43','217','25',12),(2886,'2018-12-06 09:30:30','42','211','25',12),(2887,'2018-12-06 09:30:41','42','250','25',12),(2888,'2018-12-06 09:30:51','42','197','25',12),(2889,'2018-12-06 09:31:01','41','209','25',12),(2890,'2018-12-06 09:31:12','42','206','25',12),(2891,'2018-12-06 09:31:22','41','253','25',12),(2892,'2018-12-06 09:31:32','41','234','25',12),(2893,'2018-12-06 09:31:42','41','214','25',12),(2894,'2018-12-06 09:31:53','41','209','25',12),(2895,'2018-12-06 09:32:03','41','201','25',12),(2896,'2018-12-06 09:32:13','43','220','25',12),(2897,'2018-12-06 09:32:24','42','128','25',12),(2898,'2018-12-06 09:32:34','47','228','25',12),(2899,'2018-12-06 09:32:44','44','220','25',12),(2900,'2018-12-06 09:32:55','42','107','25',12),(2901,'2018-12-06 09:33:05','42','190','25',12),(2902,'2018-12-06 09:33:15','42','202','25',12),(2903,'2018-12-06 09:33:26','43','179','25',12),(2904,'2018-12-06 09:33:36','44','183','25',12),(2905,'2018-12-06 09:33:46','42','181','25',12),(2906,'2018-12-06 09:33:57','42','204','25',12),(2907,'2018-12-06 09:34:07','43','203','25',12),(2908,'2018-12-06 09:34:17','43','193','25',12),(2909,'2018-12-06 09:34:28','43','193','25',12),(2910,'2018-12-06 09:34:38','43','209','25',12),(2911,'2018-12-06 09:34:48','43','240','25',12),(2912,'2018-12-06 09:34:59','44','257','25',12),(2913,'2018-12-06 09:35:09','45','225','25',12),(2914,'2018-12-06 09:35:19','45','202','25',12),(2915,'2018-12-06 09:35:30','44','211','25',12),(2916,'2018-12-06 09:35:40','43','214','25',12),(2917,'2018-12-06 09:35:50','42','219','25',12),(2918,'2018-12-06 09:36:01','42','197','25',12),(2919,'2018-12-06 09:36:11','41','225','25',12),(2920,'2018-12-06 09:36:21','42','218','25',12),(2921,'2018-12-06 09:36:31','41','260','25',12),(2922,'2018-12-06 09:36:42','41','50','25',12),(2923,'2018-12-06 09:36:52','42','128','25',12),(2924,'2018-12-06 09:37:02','42','252','25',12),(2925,'2018-12-06 09:37:13','41','231','25',12),(2926,'2018-12-06 09:37:23','41','197','25',12),(2927,'2018-12-06 09:42:44','41','197','25',12),(2928,'2018-12-06 09:42:54','40','201','25',12),(2929,'2018-12-06 09:43:04','40','232','25',12),(2930,'2018-12-06 09:43:15','40','234','25',12),(2931,'2018-12-06 09:43:26','40','242','25',12),(2932,'2018-12-06 09:43:36','40','225','25',12),(2933,'2018-12-06 09:43:46','40','220','25',12),(2934,'2018-12-06 09:43:57','40','234','25',12),(2935,'2018-12-06 09:44:07','40','225','25',12),(2936,'2018-12-06 09:44:18','40','171','25',12),(2937,'2018-12-06 09:44:28','40','190','25',12),(2938,'2018-12-06 09:44:39','40','200','25',12),(2939,'2018-12-06 09:44:49','41','199','25',12),(2940,'2018-12-06 09:45:10','41','209','25',12),(2941,'2018-12-06 09:45:12','41','234','25',12),(2942,'2018-12-06 09:45:14','41','220','25',12),(2943,'2018-12-06 09:45:16','41','180','25',12),(2944,'2018-12-06 09:45:18','41','213','25',12),(2945,'2018-12-06 09:45:21','41','186','25',12),(2946,'2018-12-06 09:45:23','41','195','25',12),(2947,'2018-12-06 09:45:25','42','192','25',12),(2948,'2018-12-06 09:45:27','42','65','25',12),(2949,'2018-12-06 09:45:30','41','119','25',12),(2950,'2018-12-06 09:45:31','41','201','25',12),(2951,'2018-12-06 09:45:33','41','243','25',12),(2952,'2018-12-06 09:45:35','41','257','25',12),(2953,'2018-12-06 09:45:37','41','231','25',12),(2954,'2018-12-06 09:45:39','41','209','25',12),(2955,'2018-12-06 09:45:41','41','221','25',12),(2956,'2018-12-06 09:45:43','41','211','25',12),(2957,'2018-12-06 09:45:45','41','210','25',12),(2958,'2018-12-06 09:45:47','41','211','25',12),(2959,'2018-12-06 09:45:49','41','214','25',12),(2960,'2018-12-06 09:45:51','41','215','25',12),(2961,'2018-12-06 09:45:53','41','229','25',12),(2962,'2018-12-06 09:45:55','41','216','25',12),(2963,'2018-12-06 09:45:57','41','225','25',12),(2964,'2018-12-06 09:46:00','41','229','25',12),(2965,'2018-12-06 09:46:02','41','211','25',12),(2966,'2018-12-06 09:46:05','41','268','25',12),(2967,'2018-12-06 09:46:06','41','260','25',12),(2968,'2018-12-06 09:46:08','41','259','25',12),(2969,'2018-12-06 09:46:10','41','275','25',12),(2970,'2018-12-06 09:46:12','41','222','25',12),(2971,'2018-12-06 09:46:14','41','208','25',12),(2972,'2018-12-06 09:46:16','41','213','25',12),(2973,'2018-12-06 09:46:18','41','220','25',12),(2974,'2018-12-06 09:46:20','41','210','25',12),(2975,'2018-12-06 09:46:24','41','213','25',12),(2976,'2018-12-06 10:20:38','42','279','25',12),(2977,'2018-12-06 10:20:48','42','286','25',12),(2978,'2018-12-06 10:20:59','42','283','25',12),(2979,'2018-12-06 10:21:09','42','282','25',12),(2980,'2018-12-06 10:21:20','42','281','25',12),(2981,'2018-12-06 10:21:30','42','280','25',12),(2982,'2018-12-06 10:21:41','41','302','25',12),(2983,'2018-12-06 10:21:51','41','281','25',12),(2984,'2018-12-06 10:22:01','42','281','25',12),(2985,'2018-12-06 10:22:12','41','241','25',12),(2986,'2018-12-06 10:22:22','41','262','25',12),(2987,'2018-12-06 10:22:33','42','277','25',12),(2988,'2018-12-06 10:22:44','42','160','25',12),(2989,'2018-12-06 10:22:54','43','297','25',12),(2990,'2018-12-06 10:23:04','42','102','25',12),(2991,'2018-12-06 10:23:15','42','263','25',12),(2992,'2018-12-06 10:23:25','42','276','25',12),(2993,'2018-12-06 10:23:36','42','302','25',12),(2994,'2018-12-06 10:23:46','43','278','25',12),(2995,'2018-12-06 10:23:57','42','246','25',12),(2996,'2018-12-06 10:24:07','42','208','25',12),(2997,'2018-12-06 10:24:18','42','221','25',12),(2998,'2018-12-06 10:24:28','41','292','25',12),(2999,'2018-12-06 10:24:38','41','292','25',12),(3000,'2018-12-06 10:24:49','42','311','25',12),(3001,'2018-12-06 10:24:59','42','289','25',12),(3002,'2018-12-06 10:25:10','42','297','25',12),(3003,'2018-12-06 10:25:20','41','306','25',12),(3004,'2018-12-06 10:25:31','41','284','25',12),(3005,'2018-12-06 10:25:41','41','290','25',12),(3006,'2018-12-06 10:25:52','42','287','25',12),(3007,'2018-12-06 10:26:02','42','304','25',12),(3008,'2018-12-06 10:26:13','42','301','25',12),(3009,'2018-12-06 10:26:23','42','304','25',12),(3010,'2018-12-06 10:26:34','42','291','25',12),(3011,'2018-12-06 10:26:44','42','292','25',12),(3012,'2018-12-06 10:26:55','42','288','25',12),(3013,'2018-12-06 10:27:05','42','286','25',12),(3014,'2018-12-06 10:27:16','42','284','25',12),(3015,'2018-12-06 10:27:26','42','288','25',12),(3016,'2018-12-06 10:27:37','43','292','25',12),(3017,'2018-12-06 10:27:47','44','283','25',12),(3018,'2018-12-06 10:27:58','44','275','25',12),(3019,'2018-12-06 10:28:08','43','292','25',12),(3020,'2018-12-06 10:28:19','43','279','25',12),(3021,'2018-12-06 10:28:29','43','272','25',12),(3022,'2018-12-06 10:28:40','42','317','25',12),(3023,'2018-12-06 10:28:50','43','318','25',12),(3024,'2018-12-06 10:29:01','42','303','25',12),(3025,'2018-12-06 10:29:11','43','291','25',12),(3026,'2018-12-06 10:29:22','42','296','25',12),(3027,'2018-12-06 10:29:32','43','75','25',12),(3028,'2018-12-06 10:29:43','42','287','25',12),(3029,'2018-12-06 10:29:53','42','288','25',12),(3030,'2018-12-06 10:30:04','42','273','25',12),(3031,'2018-12-06 10:30:14','42','242','25',12),(3032,'2018-12-06 10:30:25','42','193','25',12),(3033,'2018-12-06 10:30:35','41','200','25',12),(3034,'2018-12-06 10:30:46','41','178','25',12),(3035,'2018-12-06 10:30:56','41','193','25',12),(3036,'2018-12-06 10:31:06','41','190','25',12),(3037,'2018-12-06 10:31:17','41','243','25',12),(3038,'2018-12-06 10:31:27','41','213','25',12),(3039,'2018-12-06 10:31:38','41','274','25',12),(3040,'2018-12-06 10:31:48','41','190','25',12),(3041,'2018-12-06 10:31:59','41','183','25',12),(3042,'2018-12-06 10:32:09','41','178','25',12),(3043,'2018-12-06 10:32:20','41','186','26',12),(3044,'2018-12-06 10:32:30','41','189','26',12),(3045,'2018-12-06 10:32:41','40','196','26',12),(3046,'2018-12-06 10:32:51','40','210','26',12),(3047,'2018-12-06 10:33:02','40','201','26',12),(3048,'2018-12-06 10:33:12','39','221','26',12),(3049,'2018-12-06 10:33:23','39','227','26',12),(3050,'2018-12-06 10:33:33','39','229','26',12),(3051,'2018-12-06 10:33:44','38','221','26',12),(3052,'2018-12-06 10:33:54','39','234','26',12),(3053,'2018-12-06 10:34:05','39','300','26',12),(3054,'2018-12-06 10:34:15','39','306','26',12),(3055,'2018-12-06 10:34:26','39','306','26',12),(3056,'2018-12-06 10:34:36','39','313','26',12),(3057,'2018-12-06 10:34:47','39','326','26',12),(3058,'2018-12-06 10:34:57','39','314','27',12),(3059,'2018-12-06 10:35:08','39','297','27',12),(3060,'2018-12-06 10:35:18','39','322','27',12),(3061,'2018-12-06 10:35:29','39','329','27',12),(3062,'2018-12-06 10:35:39','39','328','27',12),(3063,'2018-12-06 10:35:50','38','321','27',12),(3064,'2018-12-06 10:36:00','38','296','27',12),(3065,'2018-12-06 10:36:11','38','320','27',12),(3066,'2018-12-06 10:36:21','38','327','27',12),(3067,'2018-12-06 10:36:31','38','328','27',12),(3068,'2018-12-06 10:36:42','38','297','27',12),(3069,'2018-12-06 10:36:53','37','287','27',12),(3070,'2018-12-06 10:37:03','37','160','27',12),(3071,'2018-12-06 10:37:14','37','290','27',12),(3072,'2018-12-06 10:37:24','37','306','28',12),(3073,'2018-12-06 10:37:35','37','294','28',12),(3074,'2018-12-06 10:37:45','37','255','28',12),(3075,'2018-12-06 10:37:56','37','292','28',12),(3076,'2018-12-06 10:38:06','37','314','28',12),(3077,'2018-12-06 10:38:17','37','177','28',12),(3078,'2018-12-06 10:38:27','37','268','28',12),(3079,'2018-12-06 10:38:38','36','264','28',12),(3080,'2018-12-06 10:38:48','36','283','28',12),(3081,'2018-12-06 10:38:59','36','296','28',12),(3082,'2018-12-06 10:39:09','36','277','28',12),(3083,'2018-12-06 10:39:20','36','249','28',12),(3084,'2018-12-06 10:39:30','36','303','28',12),(3085,'2018-12-06 10:40:29','50','181','28',12),(3086,'2018-12-06 10:40:40','44','190','28',12),(3087,'2018-12-06 10:40:50','42','176','28',12),(3088,'2018-12-06 10:41:14','40','141','28',12),(3089,'2018-12-06 10:41:26','39','143','27',12),(3801,'2018-12-20 11:15:11','36','168','23',12),(3802,'2018-12-20 11:15:22','34','168','24',12),(3803,'2018-12-20 11:15:32','34','156','24',12),(3804,'2018-12-20 11:15:43','35','160','24',12),(3805,'2018-12-20 11:15:53','34','152','24',12),(3806,'2018-12-20 11:16:04','34','167','24',12),(3807,'2018-12-20 11:16:14','34','175','24',12),(3808,'2018-12-20 11:16:25','35','165','24',12),(3809,'2018-12-20 11:17:56','34','173','24',12),(3810,'2018-12-20 11:18:09','34','149','24',12),(3811,'2018-12-20 11:18:17','34','158','24',12),(3812,'2018-12-20 11:18:28','34','159','24',12),(3813,'2018-12-20 11:18:41','34','136','24',12),(3814,'2018-12-20 11:18:52','34','143','24',12),(3815,'2018-12-20 11:19:03','34','172','24',12),(3816,'2018-12-20 11:19:13','34','182','24',12),(3817,'2018-12-20 11:19:25','34','159','24',12),(3818,'2018-12-20 11:19:34','34','189','24',12),(3819,'2018-12-20 11:19:45','34','171','24',12),(3820,'2018-12-20 11:19:55','34','176','24',12),(3821,'2018-12-20 11:20:06','34','157','24',12),(3822,'2018-12-20 11:20:16','33','148','24',12),(3823,'2018-12-20 11:20:27','33','168','24',12),(3824,'2018-12-20 11:20:37','33','148','24',12),(3825,'2018-12-20 11:20:48','34','166','24',12),(3826,'2018-12-20 11:20:58','33','151','24',12),(3827,'2018-12-20 11:21:09','34','151','24',12),(3828,'2018-12-20 11:21:19','34','165','24',12),(3829,'2018-12-20 11:21:30','34','147','24',12),(3830,'2018-12-20 11:21:40','34','158','24',12),(3831,'2018-12-20 11:21:51','34','161','24',12),(3832,'2018-12-20 11:22:02','34','154','24',12),(3833,'2018-12-20 11:22:12','34','154','24',12),(3834,'2018-12-20 11:22:23','34','145','24',12),(3835,'2018-12-20 11:22:33','34','148','24',12),(3836,'2018-12-20 11:22:44','34','152','24',12),(3837,'2018-12-20 11:22:54','34','155','24',12),(3838,'2018-12-20 11:23:05','34','154','24',12),(3839,'2018-12-20 11:23:15','34','160','24',12),(3840,'2018-12-20 11:23:26','34','144','24',12),(3841,'2018-12-20 11:23:36','34','163','24',12),(3842,'2018-12-20 11:23:47','34','152','24',12),(3843,'2018-12-20 11:23:57','34','134','24',12),(3844,'2018-12-20 11:24:08','34','161','24',12),(3845,'2018-12-20 11:24:18','34','161','24',12),(3846,'2018-12-20 11:24:29','34','159','24',12),(3847,'2018-12-20 11:24:39','34','154','24',12),(3848,'2018-12-20 11:24:50','35','152','24',12),(3849,'2018-12-20 11:25:00','35','162','24',12),(3850,'2018-12-20 11:25:11','35','150','24',12),(3851,'2018-12-20 11:25:21','35','153','24',12),(3852,'2018-12-20 11:25:32','34','157','24',12),(3853,'2018-12-20 11:25:42','34','153','24',12),(3854,'2018-12-20 11:25:53','34','143','24',12),(3855,'2018-12-20 11:26:03','34','168','24',12),(3856,'2018-12-20 11:26:14','34','158','24',12),(3857,'2018-12-20 11:26:24','34','150','24',12),(3858,'2018-12-20 11:26:35','34','154','24',12),(3859,'2018-12-20 11:26:45','34','148','24',12),(3860,'2018-12-20 11:26:56','34','162','24',12),(3861,'2018-12-20 11:27:06','35','166','24',12),(3862,'2018-12-20 11:27:17','35','155','24',12),(3863,'2018-12-20 11:27:28','35','164','24',12),(3864,'2018-12-20 11:27:38','35','172','24',12),(3865,'2018-12-20 11:27:57','35','177','24',12),(3866,'2018-12-20 11:27:59','35','176','24',12),(3867,'2018-12-20 11:28:10','34','172','24',12),(3868,'2018-12-20 11:28:20','35','167','24',12),(3869,'2018-12-20 11:28:31','35','169','24',12),(3870,'2018-12-20 11:28:41','34','169','24',12),(3871,'2018-12-20 11:28:52','34','171','24',12),(3872,'2018-12-20 11:29:02','34','158','24',12),(3873,'2018-12-20 11:29:13','34','171','24',12),(3874,'2018-12-20 11:29:23','34','169','24',12),(3875,'2018-12-20 11:29:34','34','149','24',12),(3876,'2018-12-20 11:29:44','34','162','24',12),(3877,'2018-12-20 11:29:55','34','185','24',12),(3878,'2018-12-20 11:30:05','34','180','24',12),(3879,'2018-12-20 11:30:16','34','166','24',12),(3880,'2018-12-20 11:30:26','34','177','24',12),(3881,'2018-12-20 11:30:37','34','183','24',12),(3882,'2018-12-20 11:30:48','34','176','24',12),(3883,'2018-12-20 11:30:58','33','180','24',12),(3884,'2018-12-20 11:31:09','33','172','24',12),(3885,'2018-12-20 11:31:19','32','177','24',12),(3886,'2018-12-20 11:31:30','32','157','24',12),(3887,'2018-12-26 18:30:03','44','9','19',12),(3888,'2018-12-26 18:30:21','43','8','19',12),(3889,'2018-12-26 18:30:21','43','8','19',12),(3890,'2018-12-26 18:30:31','43','9','19',12),(3891,'2018-12-26 18:30:42','43','9','19',12),(3892,'2018-12-26 18:30:53','43','9','19',12),(3893,'2018-12-26 18:31:04','43','9','19',12),(3894,'2018-12-26 18:31:14','43','9','19',12),(3895,'2018-12-26 18:31:24','43','8','19',12),(3896,'2018-12-26 18:31:35','43','8','19',12),(3897,'2018-12-26 18:31:46','43','9','19',12),(3898,'2018-12-26 18:32:05','43','8','19',12),(3899,'2018-12-26 18:32:08','43','8','19',12),(3900,'2018-12-26 18:32:17','43','8','19',12),(3901,'2018-12-26 18:32:27','43','8','19',12),(3902,'2018-12-26 18:32:47','43','8','19',12),(3903,'2018-12-26 18:32:49','43','8','19',12),(3904,'2018-12-26 18:33:08','43','8','19',12),(3905,'2018-12-26 18:33:09','43','8','19',12),(3906,'2018-12-26 18:33:20','43','8','19',12),(3907,'2018-12-26 18:33:30','43','8','19',12),(3908,'2018-12-26 18:33:42','43','8','19',12),(3909,'2018-12-26 18:33:52','43','8','19',12),(3910,'2018-12-26 18:34:03','43','8','19',12),(3911,'2018-12-26 18:34:12','43','8','19',12),(3912,'2018-12-26 18:34:23','43','8','19',12),(3913,'2018-12-26 18:34:34','43','8','19',12),(3914,'2018-12-26 18:35:08','43','8','19',12),(3915,'2018-12-26 18:35:20','43','8','19',12),(3916,'2018-12-26 18:35:27','43','8','19',12),(3917,'2018-12-26 18:35:37','43','9','19',12),(3918,'2018-12-26 18:35:49','43','8','19',12),(3919,'2018-12-26 18:35:59','43','8','19',12),(3920,'2018-12-26 18:36:19','43','8','19',12),(3921,'2018-12-26 18:36:19','43','9','19',12),(3922,'2018-12-26 18:36:30','43','9','19',12),(3923,'2018-12-26 18:36:41','42','8','19',12),(3924,'2018-12-26 18:36:52','42','8','19',12),(3925,'2018-12-26 18:37:02','42','8','19',12),(3926,'2018-12-26 18:37:12','43','8','19',12),(3927,'2018-12-26 18:37:22','43','9','19',12),(3928,'2018-12-26 18:37:33','43','9','19',12),(3929,'2018-12-26 18:37:44','43','9','19',12),(3930,'2018-12-26 18:37:55','43','8','19',12),(3931,'2018-12-26 18:38:05','42','8','19',12),(3932,'2018-12-26 18:38:15','42','8','19',12),(3933,'2018-12-26 18:38:26','42','8','19',12),(3934,'2018-12-26 18:38:49','42','8','19',12),(3935,'2018-12-26 18:39:01','43','8','19',12),(3936,'2018-12-26 18:39:08','43','8','19',12),(3937,'2018-12-26 18:39:18','43','9','19',12),(3938,'2018-12-26 18:39:30','43','9','19',12),(3939,'2018-12-26 18:39:40','43','8','19',12),(3940,'2018-12-26 18:40:00','42','8','19',12),(3941,'2018-12-26 18:40:00','42','8','19',12),(3942,'2018-12-26 18:40:11','42','9','19',12),(3943,'2018-12-26 18:40:22','42','9','19',12),(3944,'2018-12-26 18:40:33','43','9','19',12),(3945,'2018-12-26 18:40:46','43','8','19',12),(3946,'2018-12-26 18:40:53','43','8','19',12),(3947,'2018-12-26 18:41:03','43','8','19',12),(3948,'2018-12-26 18:41:15','43','8','19',12),(3949,'2018-12-26 18:41:25','43','8','19',12),(3950,'2018-12-26 18:41:36','43','8','19',12),(3951,'2018-12-26 18:41:45','43','8','19',12),(3952,'2018-12-26 18:41:56','42','8','19',12),(3953,'2018-12-26 18:42:07','42','8','19',12),(3954,'2018-12-26 18:42:18','42','8','19',12),(3955,'2018-12-26 18:42:27','42','8','19',12),(3956,'2018-12-26 18:42:38','42','9','19',12),(3957,'2018-12-26 18:42:48','42','8','19',12),(3958,'2018-12-26 18:43:00','42','9','19',12),(3959,'2018-12-26 18:43:10','42','8','19',12),(3960,'2018-12-26 18:43:20','42','8','19',12),(3961,'2018-12-26 18:43:30','42','8','19',12),(3962,'2018-12-26 18:43:44','43','8','19',12),(3963,'2018-12-26 18:43:55','42','8','19',12),(3964,'2018-12-26 18:44:03','43','8','19',12),(3965,'2018-12-26 18:44:12','42','8','19',12),(3966,'2018-12-26 18:44:23','43','8','19',12),(3967,'2018-12-26 18:44:43','42','9','19',12),(3968,'2018-12-26 18:44:48','43','9','19',12),(3969,'2018-12-26 18:45:15','43','8','19',12),(3970,'2018-12-26 18:45:26','43','8','19',12),(3971,'2018-12-26 18:45:36','43','8','19',12),(3972,'2018-12-26 18:45:51','43','8','19',12),(3973,'2018-12-26 18:45:59','43','8','19',12),(3974,'2018-12-26 18:46:08','43','8','19',12),(3975,'2018-12-26 18:46:18','42','8','19',12),(3976,'2018-12-26 18:46:33','42','8','19',12),(3977,'2018-12-26 18:46:40','43','9','19',12),(3978,'2018-12-26 18:46:51','42','8','19',12),(3979,'2018-12-26 18:47:01','42','8','19',12),(3980,'2018-12-26 18:47:11','42','9','19',12),(3981,'2018-12-26 18:47:23','42','8','19',12),(3982,'2018-12-26 18:47:34','42','8','19',12),(3983,'2018-12-26 18:47:43','42','8','19',12),(3984,'2018-12-26 18:47:53','42','8','19',12),(3985,'2018-12-26 18:48:04','42','8','19',12),(3986,'2018-12-26 18:48:24','42','8','19',12),(3987,'2018-12-26 18:48:26','42','8','19',12),(3988,'2018-12-26 18:48:35','42','8','19',12),(3989,'2018-12-26 18:48:46','42','8','19',12),(3990,'2018-12-26 18:49:02','43','8','19',12),(3991,'2018-12-26 18:49:08','42','8','19',12),(3992,'2018-12-26 18:49:17','42','8','19',12),(3993,'2018-12-26 18:49:28','42','8','19',12),(3994,'2018-12-26 18:49:38','42','8','19',12),(3995,'2018-12-26 18:49:49','42','8','19',12),(3996,'2018-12-26 18:50:09','42','8','19',12),(3997,'2018-12-26 18:50:11','42','8','19',12),(3998,'2018-12-26 18:50:21','42','8','19',12),(3999,'2018-12-26 18:50:31','42','8','19',12),(4000,'2018-12-26 18:50:43','42','8','19',12),(4001,'2018-12-26 18:50:53','42','8','19',12),(4002,'2018-12-26 18:51:24','42','8','19',12),(4003,'2018-12-26 18:51:34','42','8','19',12),(4004,'2018-12-26 18:51:46','42','8','19',12),(4005,'2018-12-26 18:51:56','42','8','19',12),(4006,'2018-12-26 18:52:16','42','8','19',12),(4007,'2018-12-26 18:52:16','42','8','19',12),(4008,'2018-12-26 18:52:27','42','8','19',12),(4009,'2018-12-26 18:52:41','42','8','19',12),(4010,'2018-12-26 18:52:49','42','8','19',12),(4011,'2018-12-26 18:53:03','42','8','19',12),(4012,'2018-12-26 18:53:09','42','8','19',12),(4013,'2018-12-26 18:53:19','42','9','19',12),(4014,'2018-12-26 18:53:40','42','8','19',12),(4015,'2018-12-26 18:54:03','42','8','19',12),(4016,'2018-12-26 18:54:12','42','8','19',12),(4017,'2018-12-26 18:54:23','42','8','19',12),(4018,'2018-12-26 18:54:39','42','8','19',12),(4019,'2018-12-26 18:54:45','42','8','19',12),(4020,'2018-12-26 18:54:55','42','8','19',12),(4021,'2018-12-26 18:55:05','42','8','19',12),(4022,'2018-12-26 18:55:15','42','8','19',12),(4023,'2018-12-26 18:55:26','42','8','19',12),(4024,'2018-12-26 18:55:36','42','8','19',12),(4025,'2018-12-26 18:55:47','42','8','19',12),(4026,'2018-12-26 18:55:57','42','8','19',12),(4027,'2018-12-26 18:56:09','42','8','19',12),(4028,'2018-12-26 18:56:19','42','9','19',12),(4029,'2018-12-26 18:56:30','42','8','19',12),(4030,'2018-12-26 18:56:39','42','8','19',12),(4031,'2018-12-26 18:56:50','42','8','19',12),(4032,'2018-12-26 18:57:00','42','8','19',12),(4033,'2018-12-26 18:57:12','42','8','19',12),(4034,'2018-12-26 18:57:22','42','8','19',12),(4035,'2018-12-26 18:57:32','42','8','19',12),(4036,'2018-12-26 18:57:42','42','8','19',12),(4037,'2018-12-26 18:57:53','42','9','19',12),(4038,'2018-12-26 18:58:04','42','8','19',12),(4039,'2018-12-26 18:58:24','42','8','19',12),(4040,'2018-12-26 18:58:24','42','9','19',12),(4041,'2018-12-26 18:58:35','42','8','19',12),(4042,'2018-12-26 18:58:46','42','9','19',12),(4043,'2018-12-26 18:59:05','42','8','19',12),(4044,'2018-12-26 18:59:08','42','8','19',12),(4045,'2018-12-26 18:59:17','42','8','19',12),(4046,'2018-12-26 18:59:27','42','8','19',12),(4047,'2018-12-26 18:59:47','42','9','19',12),(4048,'2018-12-26 18:59:50','42','8','19',12),(4049,'2018-12-26 18:59:59','42','8','19',12),(4050,'2018-12-26 19:00:09','42','8','19',12),(4051,'2018-12-26 19:00:20','42','8','19',12),(4052,'2018-12-26 19:00:32','42','8','19',12),(4053,'2018-12-26 19:00:51','42','8','19',12),(4054,'2018-12-26 19:00:51','42','8','19',12),(4055,'2018-12-26 19:01:02','42','8','19',12),(4056,'2018-12-26 19:01:13','42','8','19',12),(4057,'2018-12-26 19:01:23','42','8','19',12),(4058,'2018-12-26 19:01:33','42','9','19',12),(4059,'2018-12-26 19:01:44','42','8','19',12),(4060,'2018-12-26 19:01:55','42','8','19',12),(4061,'2018-12-26 19:02:06','42','9','19',12),(4062,'2018-12-26 19:02:17','42','8','19',12),(4063,'2018-12-26 19:02:26','42','8','19',12),(4064,'2018-12-26 19:02:37','42','8','19',12),(4065,'2018-12-26 19:02:51','42','9','19',12),(4066,'2018-12-26 19:02:59','42','8','19',12),(4067,'2018-12-26 19:03:08','42','8','19',12),(4068,'2018-12-26 19:03:19','42','8','19',12),(4069,'2018-12-26 19:03:39','42','8','19',12),(4070,'2018-12-26 19:03:41','42','8','19',12),(4071,'2018-12-26 19:03:51','42','8','19',12),(4072,'2018-12-26 19:04:01','42','8','19',12),(4073,'2018-12-26 19:04:11','42','8','19',12),(4074,'2018-12-26 19:04:35','42','8','19',12),(4075,'2018-12-26 19:04:46','42','8','19',12),(4076,'2018-12-26 19:04:58','42','8','19',12),(4077,'2018-12-26 19:05:17','42','8','19',12),(4078,'2018-12-26 19:05:17','42','8','19',12),(4079,'2018-12-26 19:05:28','42','8','19',12),(4080,'2018-12-26 19:05:39','42','8','19',12),(4081,'2018-12-26 19:05:58','42','8','19',12),(4082,'2018-12-26 19:06:01','42','8','19',12),(4083,'2018-12-26 19:06:10','42','8','19',12),(4084,'2018-12-26 19:06:20','42','8','19',12),(4085,'2018-12-26 19:06:41','42','8','19',12),(4086,'2018-12-26 19:06:51','42','9','19',12),(4087,'2018-12-26 19:06:53','42','8','19',12),(4088,'2018-12-26 19:07:02','42','8','19',12),(4089,'2018-12-26 19:07:13','42','8','19',12),(4090,'2018-12-26 19:07:33','42','8','19',12),(4091,'2018-12-26 19:07:36','42','8','19',12),(4092,'2018-12-26 19:07:45','42','8','19',12),(4093,'2018-12-26 19:07:55','42','8','19',12),(4094,'2018-12-26 19:08:06','42','8','19',12),(4095,'2018-12-26 19:08:17','42','9','19',12),(4096,'2018-12-26 19:08:31','42','9','19',12),(4097,'2018-12-26 19:08:37','42','8','19',12),(4098,'2018-12-26 19:08:48','42','8','19',12),(4099,'2018-12-26 19:08:59','42','9','19',12),(4100,'2018-12-26 19:09:10','42','9','19',12),(4101,'2018-12-26 19:09:21','42','8','19',12),(4102,'2018-12-26 19:09:30','42','8','19',12),(4103,'2018-12-26 19:09:40','42','8','19',12),(4104,'2018-12-26 19:09:52','42','8','19',12),(4105,'2018-12-26 19:10:02','42','8','19',12),(4106,'2018-12-26 19:10:13','42','8','19',12),(4107,'2018-12-26 19:10:22','42','8','19',12),(4108,'2018-12-26 19:10:33','42','9','19',12),(4109,'2018-12-26 19:10:45','42','9','19',12),(4110,'2018-12-26 19:10:55','42','9','19',12),(4111,'2018-12-26 19:11:05','42','8','19',12),(4112,'2018-12-26 19:11:15','42','8','19',12),(4113,'2018-12-26 19:11:26','42','8','19',12),(4114,'2018-12-26 19:11:37','42','9','19',12),(4115,'2018-12-26 19:11:48','42','8','19',12),(4116,'2018-12-26 19:11:57','42','8','19',12),(4117,'2018-12-26 19:12:08','42','8','19',12),(4118,'2018-12-26 19:12:19','42','8','19',12),(4119,'2018-12-26 19:12:30','42','9','19',12),(4120,'2018-12-26 19:12:40','42','9','19',12),(4121,'2018-12-26 19:12:50','42','8','19',12),(4122,'2018-12-26 19:13:00','42','8','19',12),(4123,'2018-12-26 19:13:13','42','8','19',12),(4124,'2018-12-26 19:13:25','42','9','19',12),(4125,'2018-12-26 19:13:33','42','8','19',12),(4126,'2018-12-26 19:13:42','42','9','19',12),(4127,'2018-12-26 19:13:53','42','9','19',12),(4128,'2018-12-26 19:14:13','42','8','19',12),(4129,'2018-12-26 19:14:18','42','9','19',12),(4130,'2018-12-26 19:14:24','42','9','19',12),(4131,'2018-12-26 19:14:35','42','8','19',12),(4132,'2018-12-26 19:14:46','42','9','19',12),(4133,'2018-12-26 19:14:57','42','8','19',12),(4134,'2018-12-26 19:15:08','42','8','19',12),(4135,'2018-12-26 19:15:17','42','8','19',12),(4136,'2018-12-26 19:15:27','42','9','19',12),(4137,'2018-12-26 19:15:40','42','9','19',12),(4138,'2018-12-26 19:15:52','42','9','19',12),(4139,'2018-12-26 19:16:09','42','8','19',12),(4140,'2018-12-26 19:16:09','42','8','19',12),(4141,'2018-12-26 19:16:20','42','8','19',12),(4142,'2018-12-26 19:16:31','42','8','19',12),(4143,'2018-12-26 19:16:42','42','8','19',12),(4144,'2018-12-26 19:16:52','42','9','19',12),(4145,'2018-12-26 19:17:02','42','8','19',12),(4146,'2018-12-26 19:17:13','42','9','19',12),(4147,'2018-12-26 19:17:24','42','9','19',12),(4148,'2018-12-26 19:17:35','42','9','19',12),(4149,'2018-12-26 19:17:44','42','8','19',12),(4150,'2018-12-26 19:17:55','42','8','19',12),(4151,'2018-12-26 19:18:15','42','9','19',12),(4152,'2018-12-26 19:18:43','42','8','19',12),(4153,'2018-12-26 19:18:47','42','9','19',12),(4154,'2018-12-26 19:18:58','42','9','19',12),(4155,'2018-12-26 19:19:08','42','9','19',12),(4156,'2018-12-26 19:19:20','42','9','19',12),(4157,'2018-12-26 19:19:31','42','8','19',12),(4158,'2018-12-26 19:19:40','42','8','19',12),(4159,'2018-12-26 19:19:50','42','9','19',12),(4160,'2018-12-26 19:20:01','42','8','19',12),(4161,'2018-12-26 19:20:12','42','9','19',12),(4162,'2018-12-26 19:20:23','42','9','19',12),(4163,'2018-12-26 19:20:32','42','9','19',12),(4164,'2018-12-26 19:20:43','42','9','19',12),(4165,'2018-12-26 19:20:54','42','9','19',12),(4166,'2018-12-26 19:21:05','42','9','19',12),(4167,'2018-12-26 19:21:16','42','9','19',12),(4168,'2018-12-26 19:21:25','42','9','19',12),(4169,'2018-12-26 19:21:35','42','9','19',12),(4170,'2018-12-26 19:21:47','42','9','19',12),(4171,'2018-12-26 19:22:06','42','9','19',12),(4172,'2018-12-26 19:22:08','42','9','19',12),(4173,'2018-12-26 19:22:17','42','9','19',12),(4174,'2018-12-26 19:22:27','42','8','19',12),(4175,'2018-12-26 20:30:23','46','8','20',12),(4176,'2018-12-26 20:30:35','47','8','20',12),(4177,'2018-12-26 20:30:54','46','8','20',12),(4178,'2018-12-26 20:31:04','45','8','20',12),(4179,'2018-12-26 20:31:05','45','8','20',12),(4180,'2018-12-26 20:31:16','45','8','20',12),(4181,'2018-12-26 20:31:30','45','8','20',12),(4182,'2018-12-26 20:31:46','45','8','20',12),(4183,'2018-12-26 20:31:47','45','8','20',12),(4184,'2018-12-26 20:31:58','44','8','20',12),(4185,'2018-12-26 20:32:09','44','9','20',12),(4186,'2018-12-26 20:32:23','44','8','20',12),(4187,'2018-12-26 20:32:29','44','8','20',12),(4188,'2018-12-26 20:32:41','44','9','20',12),(4189,'2018-12-26 20:32:51','44','8','20',12),(4190,'2018-12-26 20:33:01','44','8','20',12),(4191,'2018-12-26 20:33:11','44','8','20',12),(4192,'2018-12-26 20:33:23','44','8','20',12),(4193,'2018-12-26 20:33:33','44','8','20',12),(4194,'2018-12-26 20:33:43','44','8','20',12),(4195,'2018-12-26 20:33:53','45','8','20',12),(4196,'2018-12-26 20:34:13','45','8','20',12),(4197,'2018-12-26 20:34:14','45','8','20',12),(4198,'2018-12-26 20:34:25','45','8','20',12),(4199,'2018-12-26 20:34:39','45','8','20',12),(4200,'2018-12-26 20:34:47','44','8','20',12),(4201,'2018-12-26 20:34:56','44','8','20',12),(4202,'2018-12-26 20:35:07','44','8','20',12),(4203,'2018-12-26 20:35:23','44','8','20',12),(4204,'2018-12-26 20:35:28','44','8','20',12),(4205,'2018-12-26 20:35:38','44','8','20',12),(4206,'2018-12-26 20:35:50','44','8','20',12),(4207,'2018-12-26 20:36:20','44','8','20',12),(4208,'2018-12-26 20:36:31','44','8','20',12),(4209,'2018-12-26 20:36:51','44','8','20',12),(4210,'2018-12-26 20:36:53','44','8','20',12),(4211,'2018-12-26 20:37:03','44','8','20',12),(4212,'2018-12-26 20:37:14','44','8','20',12),(4213,'2018-12-26 20:37:34','45','8','20',12),(4214,'2018-12-26 20:37:34','44','8','20',12),(4215,'2018-12-26 20:37:45','45','8','20',12),(4216,'2018-12-26 20:37:56','45','8','20',12),(4217,'2018-12-26 20:38:06','45','8','20',12),(4218,'2018-12-26 20:38:16','44','8','20',12),(4219,'2018-12-26 20:38:30','44','8','20',12),(4220,'2018-12-26 20:38:38','44','8','20',12),(4221,'2018-12-26 20:38:47','44','8','20',12),(4222,'2018-12-26 20:39:00','44','9','20',12),(4223,'2018-12-26 20:39:12','45','8','21',12),(4224,'2018-12-26 20:39:19','45','8','21',12),(4225,'2018-12-26 20:39:30','45','9','21',12),(4226,'2018-12-26 20:39:49','45','8','21',12),(4227,'2018-12-26 20:39:50','45','8','21',12),(4228,'2018-12-26 20:40:01','45','8','21',12),(4229,'2018-12-26 20:40:15','45','8','21',12),(4230,'2018-12-26 20:40:23','44','8','21',12),(4231,'2018-12-26 20:40:32','44','8','21',12),(4232,'2018-12-26 20:40:44','44','8','21',12),(4233,'2018-12-26 20:40:55','44','8','21',12),(4234,'2018-12-26 20:41:04','44','8','21',12),(4235,'2018-12-26 20:41:14','46','8','21',12),(4236,'2018-12-26 20:41:35','45','8','21',12),(4237,'2018-12-26 20:41:35','45','8','21',12),(4238,'2018-12-26 20:41:46','45','8','21',12),(4239,'2018-12-26 20:41:58','45','8','21',12),(4240,'2018-12-26 20:42:07','45','8','21',12),(4241,'2018-12-26 20:42:17','45','8','21',12),(4242,'2018-12-26 20:42:29','45','8','21',12),(4243,'2018-12-26 20:42:40','45','8','21',12),(4244,'2018-12-26 20:42:49','45','8','21',12),(4245,'2018-12-26 20:43:09','45','8','21',12),(4246,'2018-12-26 20:43:11','45','8','21',12),(4247,'2018-12-26 20:43:21','45','8','21',12),(4248,'2018-12-26 20:43:41','45','8','21',12),(4249,'2018-12-26 20:43:43','45','8','21',12),(4250,'2018-12-26 20:43:52','45','8','21',12),(4251,'2018-12-26 20:44:02','45','8','21',12),(4252,'2018-12-26 20:44:14','45','8','21',12),(4253,'2018-12-26 20:44:25','45','8','21',12),(4254,'2018-12-26 20:44:34','45','8','21',12),(4255,'2018-12-26 20:44:45','45','8','21',12),(4256,'2018-12-26 20:45:16','45','8','21',12),(4257,'2018-12-26 20:45:16','45','8','21',12),(4258,'2018-12-26 20:45:19','45','8','21',12),(4259,'2018-12-26 20:45:39','45','8','21',12),(4260,'2018-12-26 20:45:41','45','8','21',12),(4261,'2018-12-26 20:45:50','45','8','21',12),(4262,'2018-12-26 20:46:01','45','8','21',12),(4263,'2018-12-26 20:46:24','45','8','21',12),(4264,'2018-12-26 20:46:32','45','8','21',12),(4265,'2018-12-26 20:46:52','45','8','21',12),(4266,'2018-12-26 20:46:55','45','8','21',12),(4267,'2018-12-26 20:47:04','45','8','21',12),(4268,'2018-12-26 20:47:18','45','8','21',12),(4269,'2018-12-26 20:47:35','44','8','21',12),(4270,'2018-12-26 20:47:35','45','8','21',12),(4271,'2018-12-26 20:47:51','45','8','21',12),(4272,'2018-12-26 20:48:22','45','8','21',12),(4273,'2018-12-26 20:48:27','45','8','21',12),(4274,'2018-12-26 20:48:38','45','8','21',12),(4275,'2018-12-26 20:48:48','45','8','21',12),(4276,'2018-12-26 20:49:08','45','8','21',12),(4277,'2018-12-26 20:49:11','45','8','21',12),(4278,'2018-12-26 20:49:20','45','8','21',12),(4279,'2018-12-26 20:54:07','45','8','21',12),(4280,'2018-12-26 20:54:09','45','8','21',12),(4281,'2018-12-26 20:55:19','45','8','21',12),(4282,'2018-12-26 20:55:32','45','8','21',12),(4283,'2018-12-26 20:55:38','45','8','21',12),(4284,'2018-12-26 20:55:49','45','8','21',12),(4285,'2018-12-26 20:56:09','45','8','21',12),(4286,'2018-12-26 20:56:31','45','8','21',12),(4287,'2018-12-26 20:56:32','45','8','21',12),(4288,'2018-12-26 20:56:42','45','8','21',12),(4289,'2018-12-26 20:56:53','45','8','21',12),(4290,'2018-12-26 20:57:04','45','8','21',12),(4291,'2018-12-26 20:57:14','45','8','21',12),(4292,'2018-12-26 20:57:25','45','8','21',12),(4293,'2018-12-26 20:57:39','45','8','21',12),(4294,'2018-12-26 20:57:49','45','8','21',12),(4295,'2018-12-26 20:58:00','45','8','21',12),(4296,'2018-12-26 20:58:11','45','8','21',12),(4297,'2018-12-26 20:58:22','45','8','21',12),(4298,'2018-12-26 20:58:33','45','8','21',12),(4299,'2018-12-26 20:58:42','45','8','21',12),(4300,'2018-12-26 20:58:53','45','8','21',12),(4301,'2018-12-26 20:59:07','45','8','21',12),(4302,'2018-12-26 20:59:14','45','8','21',12),(4303,'2018-12-26 20:59:25','45','8','21',12),(4304,'2018-12-26 20:59:44','45','8','21',12),(4305,'2018-12-26 20:59:45','45','8','21',12),(4306,'2018-12-26 20:59:56','45','8','21',12),(4307,'2018-12-26 21:00:07','45','8','21',12),(4308,'2018-12-26 21:00:18','45','8','21',12),(4309,'2018-12-26 21:00:28','45','8','21',12),(4310,'2018-12-26 21:00:39','45','9','21',12),(4311,'2018-12-26 21:00:48','45','8','21',12),(4312,'2018-12-26 21:00:59','45','8','22',12),(4313,'2018-12-26 21:01:10','45','8','22',12),(4314,'2018-12-26 21:01:21','45','8','22',12),(4315,'2018-12-26 21:01:32','45','8','22',12),(4316,'2018-12-26 21:01:41','45','8','22',12),(4317,'2018-12-26 21:01:52','45','8','22',12),(4318,'2018-12-26 21:02:04','45','8','22',12),(4319,'2018-12-26 21:02:22','45','9','22',12),(4320,'2018-12-26 21:02:33','45','8','22',12),(4321,'2018-12-26 21:02:34','45','8','22',12),(4322,'2018-12-26 21:02:44','45','8','22',12),(4323,'2018-12-26 21:02:55','45','8','22',12),(4324,'2018-12-26 21:03:06','45','8','22',12),(4325,'2018-12-26 21:03:16','45','8','22',12),(4326,'2018-12-26 21:03:27','45','8','22',12),(4327,'2018-12-26 21:03:37','45','8','22',12),(4328,'2018-12-26 21:03:47','45','8','22',12),(4329,'2018-12-26 21:04:07','45','8','22',12),(4330,'2018-12-26 21:04:12','45','8','22',12),(4331,'2018-12-26 21:04:28','45','8','22',12),(4332,'2018-12-26 21:04:29','45','8','22',12),(4333,'2018-12-26 21:04:40','45','8','22',12),(4334,'2018-12-26 21:04:51','45','8','22',12),(4335,'2018-12-26 21:05:02','45','8','22',12),(4336,'2018-12-26 21:05:17','44','8','22',12),(4337,'2018-12-26 21:05:26','45','8','22',12),(4338,'2018-12-26 21:05:32','45','8','22',12),(4339,'2018-12-26 21:05:43','45','8','22',12),(4340,'2018-12-26 21:05:54','45','9','22',12),(4341,'2018-12-26 21:06:05','44','8','22',12),(4342,'2018-12-26 21:06:24','45','8','22',12),(4343,'2018-12-26 21:06:25','44','8','22',12),(4344,'2018-12-26 21:06:35','44','8','22',12),(4345,'2018-12-26 21:06:46','44','8','22',12),(4346,'2018-12-26 21:07:02','46','8','22',12),(4347,'2018-12-26 21:07:11','45','8','22',12),(4348,'2018-12-26 21:07:19','45','8','22',12),(4349,'2018-12-26 21:07:28','45','8','22',12),(4350,'2018-12-26 21:07:39','45','8','22',12),(4351,'2018-12-26 21:07:58','45','8','22',12),(4352,'2018-12-26 21:08:09','45','8','22',12),(4353,'2018-12-26 21:08:11','45','8','22',12),(4354,'2018-12-26 21:08:21','45','8','22',12),(4355,'2018-12-26 21:08:31','45','8','22',12),(4356,'2018-12-26 21:08:42','44','8','22',12),(4357,'2018-12-26 21:08:53','44','8','22',12),(4358,'2018-12-26 21:09:04','44','8','22',12),(4359,'2018-12-26 21:09:14','44','8','22',12),(4360,'2018-12-26 21:09:24','44','8','22',12),(4361,'2018-12-26 21:09:34','44','8','22',12),(4362,'2018-12-26 21:09:45','44','8','22',12),(4363,'2018-12-26 21:09:57','44','8','22',12),(4364,'2018-12-26 21:10:07','44','8','22',12),(4365,'2018-12-26 21:10:18','44','8','22',12),(4366,'2018-12-26 21:10:27','44','8','22',12),(4367,'2018-12-26 21:10:37','44','8','22',12),(4368,'2018-12-26 21:10:58','44','8','22',12),(4369,'2018-12-26 21:11:08','44','8','22',12),(4370,'2018-12-26 21:11:19','44','8','22',12),(4371,'2018-12-26 21:11:39','44','8','22',12),(4372,'2018-12-26 21:11:44','44','8','22',12),(4373,'2018-12-26 21:11:50','44','9','22',12),(4374,'2018-12-26 21:12:01','44','8','22',12),(4375,'2018-12-26 21:12:17','44','8','22',12),(4376,'2018-12-26 21:12:22','44','8','22',12),(4377,'2018-12-26 21:12:33','44','8','22',12),(4378,'2018-12-26 21:12:44','44','8','22',12),(4379,'2018-12-26 21:12:53','44','8','22',12),(4380,'2018-12-26 21:13:04','44','8','22',12),(4381,'2018-12-26 21:13:15','2147483647','8','2147483647',12),(4382,'2018-12-26 21:13:26','44','8','22',12),(4383,'2018-12-26 21:13:37','45','8','22',12),(4384,'2018-12-26 21:13:46','45','9','22',12),(4385,'2018-12-26 21:13:56','44','8','22',12),(4386,'2018-12-26 21:14:07','44','8','22',12),(4387,'2018-12-26 21:14:23','44','8','22',12),(4388,'2018-12-26 21:14:29','44','8','22',12),(4389,'2018-12-26 21:14:40','44','8','22',12),(4390,'2018-12-26 21:14:49','44','8','22',12),(4391,'2018-12-26 21:14:59','44','8','22',12),(4392,'2018-12-26 21:15:10','44','8','22',12),(4393,'2018-12-26 21:15:30','44','8','22',12),(4394,'2018-12-26 21:15:41','45','8','22',12),(4395,'2018-12-26 21:15:43','45','8','22',12),(4396,'2018-12-26 21:15:52','44','8','22',12),(4397,'2018-12-26 21:16:03','44','8','22',12),(4398,'2018-12-26 21:16:23','44','8','22',12),(4399,'2018-12-26 21:16:33','44','8','22',12),(4400,'2018-12-26 21:16:34','44','8','22',12),(4401,'2018-12-26 21:16:45','44','8','22',12),(4402,'2018-12-26 21:16:55','44','9','22',12),(4403,'2018-12-26 21:17:07','44','9','22',12),(4404,'2018-12-26 21:17:16','44','8','22',12),(4405,'2018-12-26 21:17:27','44','8','22',12),(4406,'2018-12-26 21:17:37','44','8','22',12),(4407,'2018-12-26 21:17:49','44','8','22',12),(4408,'2018-12-26 21:18:00','44','8','22',12),(4409,'2018-12-26 21:18:10','44','8','22',12),(4410,'2018-12-26 21:18:19','44','8','22',12),(4411,'2018-12-26 21:18:30','44','8','22',12),(4412,'2018-12-26 21:19:03','44','8','22',12),(4413,'2018-12-26 21:19:04','45','8','22',12),(4414,'2018-12-26 21:19:15','44','8','22',12),(4415,'2018-12-26 21:19:25','44','8','22',12),(4416,'2018-12-26 21:19:37','44','8','22',12),(4417,'2018-12-26 21:19:47','45','8','22',12),(4418,'2018-12-26 21:20:01','45','8','22',12),(4419,'2018-12-26 21:20:07','44','8','22',12),(4420,'2018-12-26 21:20:18','44','8','22',12),(4421,'2018-12-26 21:20:29','44','8','22',12),(4422,'2018-12-26 21:20:40','44','8','22',12),(4423,'2018-12-26 21:20:50','44','8','22',12),(4424,'2018-12-26 21:21:01','44','8','22',12),(4425,'2018-12-26 21:21:10','44','8','22',12),(4426,'2018-12-26 21:21:21','44','9','22',12),(4427,'2018-12-26 21:21:37','44','8','22',12),(4428,'2018-12-26 21:21:43','44','8','22',12),(4429,'2018-12-26 21:21:54','44','8','22',12),(4430,'2018-12-26 21:22:04','44','8','22',12),(4431,'2018-12-26 21:22:14','44','9','22',12),(4432,'2018-12-26 21:22:24','44','9','22',12),(4433,'2018-12-26 21:22:44','44','8','22',12),(4434,'2018-12-26 21:22:56','44','8','22',12),(4435,'2018-12-26 21:23:06','44','8','22',12),(4436,'2018-12-26 21:23:22','44','8','22',12),(4437,'2018-12-26 21:23:29','44','8','22',12),(4438,'2018-12-26 21:23:39','44','8','22',12),(4439,'2018-12-26 21:23:48','44','8','22',12),(4440,'2018-12-26 21:23:59','44','8','22',12),(4441,'2018-12-26 21:24:19','44','9','22',12),(4442,'2018-12-26 21:24:29','44','9','22',12),(4443,'2018-12-26 21:24:40','44','8','22',12),(4444,'2018-12-26 21:24:42','44','8','22',12),(4445,'2018-12-26 21:25:07','44','8','22',12),(4446,'2018-12-26 21:25:09','44','8','22',12),(4447,'2018-12-26 21:25:20','44','9','22',12),(4448,'2018-12-26 21:25:30','44','9','22',12),(4449,'2018-12-26 21:25:42','44','9','22',12),(4450,'2018-12-26 21:25:52','44','8','22',12),(4451,'2018-12-26 21:26:03','44','8','22',12),(4452,'2018-12-26 21:26:13','44','9','22',12),(4453,'2018-12-26 21:26:22','44','8','22',12),(4454,'2018-12-26 21:26:33','44','8','22',12),(4455,'2018-12-26 21:26:44','44','8','22',12),(4456,'2018-12-26 21:26:55','44','8','22',12),(4457,'2018-12-26 21:27:09','44','8','22',12),(4458,'2018-12-26 21:27:17','44','8','22',12),(4459,'2018-12-26 21:27:28','44','8','22',12),(4460,'2018-12-26 21:27:38','44','8','22',12),(4461,'2018-12-26 21:28:08','44','8','22',12),(4462,'2018-12-26 21:28:15','44','8','22',12),(4463,'2018-12-26 21:28:26','44','8','22',12),(4464,'2018-12-26 21:28:37','44','8','22',12),(4465,'2018-12-26 21:28:57','44','8','22',12),(4466,'2018-12-26 21:28:59','44','8','22',12),(4467,'2018-12-26 21:29:09','44','8','22',12),(4468,'2018-12-26 21:29:19','44','8','22',12),(4469,'2018-12-26 21:29:29','44','8','22',12),(4470,'2018-12-26 21:29:45','44','8','22',12),(4471,'2018-12-26 21:29:51','44','8','22',12),(4472,'2018-12-26 21:30:02','44','8','22',12),(4473,'2018-12-26 21:30:11','44','8','22',12),(4474,'2018-12-26 21:30:22','44','8','22',12),(4475,'2018-12-26 21:30:32','44','8','22',12),(4476,'2018-12-26 21:30:44','44','8','22',12),(4477,'2018-12-26 21:30:57','44','8','22',12),(4478,'2018-12-26 21:31:05','44','8','22',12),(4479,'2018-12-26 21:31:24','44','8','22',12),(4480,'2018-12-26 21:31:25','44','8','22',12),(4481,'2018-12-26 21:31:35','44','8','22',12),(4482,'2018-12-26 21:31:47','44','8','22',12),(4483,'2018-12-26 21:31:57','44','8','22',12),(4484,'2018-12-26 21:32:08','44','8','22',12),(4485,'2018-12-26 21:32:28','44','8','22',12),(4486,'2018-12-26 21:32:28','44','8','22',12),(4487,'2018-12-26 21:32:39','44','8','22',12),(4488,'2018-12-26 21:33:02','44','8','22',12),(4489,'2018-12-26 21:33:12','44','8','22',12),(4490,'2018-12-26 21:33:23','44','8','22',12),(4491,'2018-12-26 21:33:34','44','8','22',12),(4492,'2018-12-26 21:33:45','44','9','22',12),(4493,'2018-12-26 21:33:54','44','8','22',12),(4494,'2018-12-26 21:34:23','44','8','22',12),(4495,'2018-12-26 21:34:34','44','8','22',12),(4496,'2018-12-26 21:34:45','44','8','22',12),(4497,'2018-12-26 21:35:05','44','8','22',12),(4498,'2018-12-26 21:35:15','44','8','22',12),(4499,'2018-12-26 21:35:18','44','8','22',12),(4500,'2018-12-26 21:35:27','44','8','22',12),(4501,'2018-12-26 21:35:37','44','8','22',12),(4502,'2018-12-26 21:35:49','44','8','22',12),(4503,'2018-12-26 21:36:20','43','8','22',12),(4504,'2018-12-26 21:36:31','44','8','22',12),(4505,'2018-12-26 21:36:41','44','8','22',12),(4506,'2018-12-26 21:36:53','44','8','22',12),(4507,'2018-12-26 21:37:08','44','8','22',12),(4508,'2018-12-26 21:37:17','44','8','22',12),(4509,'2018-12-26 21:37:23','44','8','22',12),(4510,'2018-12-26 21:37:34','44','8','22',12),(4511,'2018-12-26 21:37:45','44','9','22',12),(4512,'2018-12-26 21:38:11','44','8','22',12),(4513,'2018-12-26 21:38:21','44','8','22',12),(4514,'2018-12-26 21:38:32','44','8','22',12),(4515,'2018-12-26 21:38:52','44','8','22',12),(4516,'2018-12-26 21:38:57','44','8','22',12),(4517,'2018-12-26 21:39:03','44','8','22',12),(4518,'2018-12-26 21:39:14','44','8','22',12),(4519,'2018-12-26 21:39:25','44','8','22',12),(4520,'2018-12-26 21:39:35','44','8','22',12),(4521,'2018-12-26 21:39:49','44','8','22',12),(4522,'2018-12-26 21:40:10','44','8','22',12),(4523,'2018-12-26 21:40:18','44','8','22',12),(4524,'2018-12-26 21:40:29','44','8','22',12),(4525,'2018-12-26 21:40:43','44','9','22',12),(4526,'2018-12-26 21:40:51','44','8','22',12),(4527,'2018-12-26 21:41:00','44','8','22',12),(4528,'2018-12-26 21:41:11','44','8','22',12),(4529,'2018-12-26 21:41:23','44','8','22',12),(4530,'2018-12-26 21:41:36','43','8','22',12),(4531,'2018-12-26 21:41:52','43','8','22',12),(4532,'2018-12-26 21:42:08','43','8','22',12),(4533,'2018-12-26 21:42:16','43','8','22',12),(4534,'2018-12-26 21:42:26','43','8','22',12),(4535,'2018-12-26 21:42:46','43','8','22',12),(4536,'2018-12-26 21:42:51','43','8','22',12),(4537,'2018-12-26 21:43:58','44','8','22',12),(4538,'2018-12-26 21:44:03','44','8','22',12),(4539,'2018-12-26 21:44:14','44','9','22',12),(4540,'2018-12-26 21:44:24','44','8','22',12),(4541,'2018-12-26 21:44:40','44','8','22',12),(4542,'2018-12-26 21:44:55','44','8','22',12),(4543,'2018-12-26 21:45:05','44','8','22',12),(4544,'2018-12-26 21:45:16','44','8','22',12),(4545,'2018-12-26 21:45:17','43','8','22',12),(4546,'2018-12-26 21:45:27','43','8','22',12),(4547,'2018-12-26 21:45:38','43','8','22',12),(4548,'2018-12-26 21:45:52','43','8','22',12),(4549,'2018-12-26 21:46:00','43','8','22',12),(4550,'2018-12-26 21:46:10','43','8','22',12),(4551,'2018-12-26 21:46:33','43','8','22',12),(4552,'2018-12-26 21:46:43','44','8','22',12),(4553,'2018-12-26 21:46:52','44','8','22',12),(4554,'2018-12-26 21:47:03','43','8','22',12),(4555,'2018-12-26 21:47:13','43','8','22',12),(4556,'2018-12-26 21:47:25','43','8','22',12),(4557,'2018-12-26 21:47:35','2147483647','8','2147483647',12),(4558,'2018-12-26 21:47:46','43','7','22',12),(4559,'2018-12-26 21:47:55','43','8','22',12),(4560,'2018-12-26 21:48:08','43','8','22',12),(4561,'2018-12-26 21:48:18','43','8','22',12),(4562,'2018-12-26 21:48:28','43','8','22',12),(4563,'2018-12-26 21:48:39','43','8','22',12),(4564,'2018-12-26 21:48:48','43','8','22',12),(4565,'2018-12-26 21:48:58','43','8','22',12),(4566,'2018-12-26 21:49:09','43','8','22',12),(4567,'2018-12-26 21:49:41','43','8','22',12),(4568,'2018-12-26 21:49:52','43','8','22',12),(4569,'2018-12-26 21:50:02','43','8','22',12),(4570,'2018-12-26 21:50:14','43','8','22',12),(4571,'2018-12-26 21:50:33','43','9','22',12),(4572,'2018-12-26 21:50:35','43','8','22',12),(4573,'2018-12-26 21:50:45','43','8','22',12),(4574,'2018-12-26 21:50:55','44','8','22',12),(4575,'2018-12-26 21:51:06','44','8','22',12),(4576,'2018-12-26 21:51:26','44','8','22',12),(4577,'2018-12-26 21:51:36','43','8','22',12),(4578,'2018-12-26 21:51:38','43','9','22',12),(4579,'2018-12-26 21:51:48','43','8','22',12),(4580,'2018-12-26 21:51:58','43','8','22',12),(4581,'2018-12-26 21:52:10','43','8','22',12),(4582,'2018-12-26 21:52:20','43','8','22',12),(4583,'2018-12-26 21:52:31','43','8','22',12),(4584,'2018-12-26 21:52:42','43','8','22',12),(4585,'2018-12-26 21:52:51','43','8','22',12),(4586,'2018-12-26 21:53:01','43','8','22',12),(4587,'2018-12-26 21:53:13','43','8','22',12),(4588,'2018-12-26 21:53:26','43','8','22',12),(4589,'2018-12-26 21:53:37','43','8','22',12),(4590,'2018-12-26 21:53:47','43','8','22',12),(4591,'2018-12-26 21:53:54','43','8','22',12),(4592,'2018-12-26 21:54:05','43','8','22',12),(4593,'2018-12-26 21:54:16','43','8','22',12),(4594,'2018-12-26 21:54:26','43','8','22',12),(4595,'2018-12-26 21:54:42','43','8','22',12),(4596,'2018-12-26 21:54:48','43','8','22',12),(4597,'2018-12-26 21:54:57','43','8','22',12),(4598,'2018-12-26 21:55:08','43','8','22',12),(4599,'2018-12-26 21:55:29','43','8','22',12),(4600,'2018-12-26 21:55:29','43','8','22',12),(4601,'2018-12-26 21:55:41','43','8','22',12),(4602,'2018-12-26 21:55:51','43','8','22',12),(4603,'2018-12-26 21:56:00','43','8','22',12),(4604,'2018-12-26 21:56:11','43','8','22',12),(4605,'2018-12-26 21:56:22','43','8','22',12),(4606,'2018-12-26 21:56:33','43','8','22',12),(4607,'2018-12-26 21:56:44','43','8','22',12),(4608,'2018-12-26 21:56:54','43','8','22',12),(4609,'2018-12-26 21:57:04','43','8','22',12),(4610,'2018-12-26 21:57:14','43','8','22',12),(4611,'2018-12-26 21:57:34','43','8','22',12),(4612,'2018-12-26 21:57:44','43','8','22',12),(4613,'2018-12-26 21:57:48','43','8','22',12),(4614,'2018-12-26 21:57:57','43','8','22',12),(4615,'2018-12-26 21:58:07','43','8','22',12),(4616,'2018-12-26 21:58:17','43','8','22',12),(4617,'2018-12-26 21:58:28','43','8','22',12),(4618,'2018-12-26 21:58:40','2147483647','7','2147483647',12),(4619,'2018-12-26 21:58:50','2147483647','7','2147483647',12),(4620,'2018-12-26 21:58:59','2147483647','8','2147483647',12),(4621,'2018-12-26 21:59:20','2147483647','8','2147483647',12),(4622,'2018-12-26 21:59:32','2147483647','8','2147483647',12),(4623,'2018-12-26 21:59:41','2147483647','7','2147483647',12),(4624,'2018-12-26 22:00:02','2147483647','7','2147483647',12),(4625,'2018-12-26 22:00:23','2147483647','7','2147483647',12),(4626,'2018-12-26 22:00:35','43','8','22',12),(4627,'2018-12-26 22:00:46','44','8','22',12),(4628,'2018-12-26 22:00:55','43','8','22',12),(4629,'2018-12-26 22:01:05','43','8','22',12),(4630,'2018-12-26 22:01:16','43','8','22',12),(4631,'2018-12-26 22:01:27','43','8','22',12),(4632,'2018-12-26 22:01:38','43','8','22',12),(4633,'2018-12-26 22:01:49','43','8','22',12),(4634,'2018-12-26 22:02:00','43','8','22',12),(4635,'2018-12-26 22:02:09','43','8','22',12),(4636,'2018-12-26 22:02:19','43','8','22',12),(4637,'2018-12-26 22:02:31','43','8','22',12),(4638,'2018-12-26 22:02:50','43','8','22',12),(4639,'2018-12-26 22:03:01','43','8','22',12),(4640,'2018-12-26 22:03:02','43','8','22',12),(4641,'2018-12-26 22:03:12','43','8','22',12),(4642,'2018-12-26 22:03:22','43','8','22',12),(4643,'2018-12-26 22:03:36','43','8','22',12),(4644,'2018-12-26 22:03:47','43','9','22',12),(4645,'2018-12-26 22:03:55','43','8','22',12),(4646,'2018-12-26 22:04:14','43','8','22',12),(4647,'2018-12-26 22:04:15','43','8','22',12),(4648,'2018-12-26 22:04:25','43','8','22',12),(4649,'2018-12-26 22:04:36','43','8','22',12),(4650,'2018-12-26 22:04:47','43','8','22',12),(4651,'2018-12-26 22:04:58','43','9','22',12),(4652,'2018-12-26 22:05:18','43','9','22',12),(4653,'2018-12-26 22:05:18','43','8','22',12),(4654,'2018-12-26 22:05:29','43','8','22',12),(4655,'2018-12-26 22:05:39','43','8','22',12),(4656,'2018-12-26 22:05:50','43','8','22',12),(4657,'2018-12-26 22:06:01','43','8','22',12),(4658,'2018-12-26 22:06:12','43','8','22',12),(4659,'2018-12-26 22:06:25','43','8','22',12),(4660,'2018-12-26 22:06:32','43','9','22',12),(4661,'2018-12-26 22:06:42','43','8','22',12),(4662,'2018-12-26 22:06:54','43','8','22',12),(4663,'2018-12-26 22:07:04','43','9','22',12),(4664,'2018-12-26 22:07:15','43','8','22',12),(4665,'2018-12-26 22:07:29','43','9','22',12),(4666,'2018-12-26 22:07:35','43','8','22',12),(4667,'2018-12-26 22:07:45','43','8','22',12),(4668,'2018-12-26 22:07:56','43','8','22',12),(4669,'2018-12-26 22:08:17','43','8','22',12),(4670,'2018-12-26 22:08:28','43','8','22',12),(4671,'2018-12-26 22:08:38','43','9','22',12),(4672,'2018-12-26 22:08:49','43','8','22',12),(4673,'2018-12-26 22:09:00','43','8','22',12),(4674,'2018-12-26 22:09:11','43','8','22',12),(4675,'2018-12-26 22:09:22','43','8','22',12),(4676,'2018-12-26 22:09:31','43','8','22',12),(4677,'2018-12-26 22:09:41','43','8','22',12),(4678,'2018-12-26 22:09:53','42','8','22',12),(4679,'2018-12-26 22:10:12','42','9','22',12),(4680,'2018-12-26 22:10:23','42','8','22',12),(4681,'2018-12-26 22:10:33','43','8','22',12),(4682,'2018-12-26 22:10:34','43','8','22',12),(4683,'2018-12-26 22:10:44','43','8','22',12),(4684,'2018-12-26 22:10:55','42','8','22',12),(4685,'2018-12-26 22:11:15','42','9','22',12),(4686,'2018-12-26 22:11:20','42','8','22',12),(4687,'2018-12-26 22:11:27','42','9','22',12),(4688,'2018-12-26 22:11:38','42','8','22',12),(4689,'2018-12-26 22:11:48','42','8','22',12),(4690,'2018-12-26 22:11:58','42','9','22',12),(4691,'2018-12-26 22:12:09','42','8','22',12),(4692,'2018-12-26 22:12:23','42','8','22',12),(4693,'2018-12-26 22:12:39','42','8','22',12),(4694,'2018-12-26 22:12:42','43','8','22',12),(4695,'2018-12-26 22:12:51','43','8','22',12),(4696,'2018-12-26 22:13:01','43','8','22',12),(4697,'2018-12-26 22:13:12','43','8','22',12),(4698,'2018-12-26 22:13:22','43','8','22',12),(4699,'2018-12-26 22:13:34','43','8','22',12),(4700,'2018-12-26 22:13:53','43','9','22',12),(4701,'2018-12-26 22:13:55','43','8','22',12),(4702,'2018-12-26 22:14:04','42','8','22',12),(4703,'2018-12-26 22:14:15','43','8','22',12),(4704,'2018-12-26 22:14:26','42','8','22',12),(4705,'2018-12-26 22:14:38','42','8','22',12),(4706,'2018-12-26 22:14:47','42','8','22',12),(4707,'2018-12-26 22:14:59','42','8','22',12),(4708,'2018-12-26 22:15:08','42','8','22',12),(4709,'2018-12-26 22:15:18','42','8','22',12),(4710,'2018-12-26 22:15:29','43','9','22',12),(4711,'2018-12-26 22:15:40','42','8','22',12),(4712,'2018-12-26 22:15:51','42','8','22',12),(4713,'2018-12-26 22:16:10','42','8','22',12),(4714,'2018-12-26 22:16:12','42','8','22',12),(4715,'2018-12-26 22:16:21','42','8','22',12),(4716,'2018-12-26 22:16:32','42','8','22',12),(4717,'2018-12-26 22:16:42','42','8','22',12),(4718,'2018-12-26 22:16:53','42','8','22',12),(4719,'2018-12-26 22:17:04','42','9','22',12),(4720,'2018-12-26 22:17:15','42','9','22',12),(4721,'2018-12-26 22:17:24','42','8','22',12),(4722,'2018-12-26 22:17:35','42','8','22',12),(4723,'2018-12-26 22:17:45','42','9','22',12),(4724,'2018-12-26 22:17:57','42','9','22',12),(4725,'2018-12-26 22:18:16','42','9','22',12),(4726,'2018-12-26 22:18:27','42','9','22',12),(4727,'2018-12-26 22:18:27','42','8','22',12),(4728,'2018-12-26 22:18:38','42','8','22',12),(4729,'2018-12-26 22:18:48','42','8','22',12),(4730,'2018-12-26 22:19:04','42','8','22',12),(4731,'2018-12-26 22:19:11','42','8','22',12),(4732,'2018-12-26 22:19:21','42','8','22',12),(4733,'2018-12-26 22:19:31','42','9','22',12),(4734,'2018-12-26 22:19:41','42','8','22',12),(4735,'2018-12-26 22:19:52','42','8','22',12),(4736,'2018-12-26 22:20:12','42','8','22',12),(4737,'2018-12-26 22:20:22','42','8','22',12),(4738,'2018-12-26 22:20:24','42','8','22',12),(4739,'2018-12-26 22:20:35','42','8','22',12),(4740,'2018-12-26 22:20:44','42','8','22',12),(4741,'2018-12-26 22:20:55','42','9','22',12),(4742,'2018-12-26 22:21:15','42','8','22',12),(4743,'2018-12-26 22:21:25','42','9','22',12),(4744,'2018-12-26 22:21:49','42','8','22',12),(4745,'2018-12-26 22:22:08','42','8','22',12),(4746,'2018-12-26 22:22:08','42','8','22',12),(4747,'2018-12-26 22:22:19','42','8','22',12),(4748,'2018-12-26 22:22:35','42','8','22',12),(4749,'2018-12-26 22:22:41','43','8','22',12),(4750,'2018-12-26 22:22:52','43','9','22',12),(4751,'2018-12-26 22:23:02','42','8','22',12),(4752,'2018-12-26 22:23:12','42','9','22',12),(4753,'2018-12-26 22:23:22','42','9','22',12),(4754,'2018-12-26 22:23:33','42','9','22',12),(4755,'2018-12-26 22:24:13','42','8','22',12),(4756,'2018-12-26 22:24:19','42','8','22',12),(4757,'2018-12-26 22:24:29','42','8','22',12),(4758,'2018-12-26 22:24:39','42','8','22',12),(4759,'2018-12-26 22:24:50','42','8','22',12),(4760,'2018-12-26 22:25:10','42','8','22',12),(4761,'2018-12-26 22:25:20','42','9','22',12),(4762,'2018-12-26 22:25:23','42','8','22',12),(4763,'2018-12-26 22:25:32','42','9','22',12),(4764,'2018-12-26 22:25:42','42','8','22',12),(4765,'2018-12-26 22:25:53','42','9','22',12),(4766,'2018-12-26 22:26:07','42','8','22',12),(4767,'2018-12-26 22:26:15','42','8','22',12),(4768,'2018-12-26 22:26:26','42','8','22',12),(4769,'2018-12-26 22:26:35','42','8','22',12),(4770,'2018-12-26 22:26:46','42','8','22',12),(4771,'2018-12-26 22:26:56','42','8','22',12),(4772,'2018-12-26 22:27:07','42','8','22',12),(4773,'2018-12-26 22:27:18','42','8','22',12),(4774,'2018-12-26 22:27:29','42','8','22',12),(4775,'2018-12-26 22:27:38','42','8','22',12),(4776,'2018-12-26 22:27:49','42','8','22',12),(4777,'2018-12-26 22:27:59','42','8','22',12),(4778,'2018-12-26 22:28:11','42','9','22',12),(4779,'2018-12-26 22:28:21','42','9','22',12),(4780,'2018-12-26 22:28:32','42','9','22',12),(4781,'2018-12-26 22:28:41','42','10','22',12),(4782,'2018-12-26 22:28:52','43','10','22',12),(4783,'2018-12-26 22:29:02','43','11','22',12),(4784,'2018-12-26 22:29:14','42','11','22',12),(4785,'2018-12-26 22:29:25','42','10','22',12),(4786,'2018-12-26 22:29:35','42','10','22',12),(4787,'2018-12-26 22:29:45','42','11','22',12),(4788,'2018-12-26 22:29:55','42','11','22',12),(4789,'2018-12-26 22:30:06','42','11','22',12),(4790,'2018-12-26 22:30:18','42','11','22',12),(4791,'2018-12-26 22:30:36','43','11','22',12),(4792,'2018-12-26 22:30:47','43','11','22',12),(4793,'2018-12-26 22:30:48','42','11','22',12),(4794,'2018-12-26 22:30:58','42','11','22',12),(4795,'2018-12-26 22:31:09','42','10','22',12),(4796,'2018-12-26 22:31:29','42','10','22',12),(4797,'2018-12-26 22:31:31','42','11','22',12),(4798,'2018-12-26 22:31:50','42','11','22',12),(4799,'2018-12-26 22:31:51','42','11','22',12),(4800,'2018-12-26 22:32:02','42','10','22',12),(4801,'2018-12-26 22:32:12','42','10','22',12),(4802,'2018-12-26 22:32:20','42','11','22',12),(4803,'2018-12-26 22:32:31','42','11','22',12),(4804,'2018-12-26 22:32:42','42','11','22',12),(4805,'2018-12-26 22:32:51','42','11','22',12),(4806,'2018-12-26 22:33:01','43','11','22',12),(4807,'2018-12-26 22:33:12','43','11','22',12),(4808,'2018-12-26 22:33:23','43','11','22',12),(4809,'2018-12-26 22:33:34','43','11','22',12),(4810,'2018-12-26 22:33:45','43','11','22',12),(4811,'2018-12-26 22:33:54','43','11','22',12),(4812,'2018-12-26 22:34:05','43','11','22',12),(4813,'2018-12-26 22:34:38','43','9','22',12),(4814,'2018-12-26 22:34:38','43','8','22',12),(4815,'2018-12-26 22:34:42','43','7','22',12),(4816,'2018-12-26 22:34:53','43','9','22',12),(4817,'2018-12-26 22:35:03','43','9','22',12),(4818,'2018-12-26 22:35:19','43','9','22',12),(4819,'2018-12-26 22:35:25','43','9','22',12),(4820,'2018-12-26 22:35:36','43','8','22',12),(4821,'2018-12-26 22:35:45','43','8','22',12),(4822,'2018-12-26 22:35:56','43','8','22',12),(4823,'2018-12-26 22:36:06','43','8','22',12),(4824,'2018-12-26 22:36:26','43','9','22',12),(4825,'2018-12-26 22:36:28','43','9','22',12),(4826,'2018-12-26 22:36:39','43','9','22',12),(4827,'2018-12-26 22:36:48','43','9','22',12),(4828,'2018-12-26 22:36:59','43','8','22',12),(4829,'2018-12-26 22:37:09','43','9','22',12),(4830,'2018-12-26 22:37:21','43','9','22',12),(4831,'2018-12-26 22:37:41','43','9','22',12),(4832,'2018-12-26 22:37:45','43','9','22',12),(4833,'2018-12-26 22:37:52','43','9','22',12),(4834,'2018-12-26 22:38:02','43','9','22',12),(4835,'2018-12-26 22:38:22','43','9','22',12),(4836,'2018-12-26 22:38:24','43','9','22',12),(4837,'2018-12-26 22:38:35','43','8','22',12),(4838,'2018-12-26 22:38:44','43','9','22',12),(4839,'2018-12-26 22:38:55','43','9','22',12),(4840,'2018-12-26 22:39:05','43','8','22',12),(4841,'2018-12-26 22:39:32','43','9','22',12),(4842,'2018-12-26 22:39:43','43','8','22',12),(4843,'2018-12-26 22:40:02','43','9','22',12),(4844,'2018-12-26 22:40:02','44','9','22',12),(4845,'2018-12-26 22:40:12','44','9','22',12),(4846,'2018-12-26 22:40:28','44','9','22',12),(4847,'2018-12-26 22:40:35','44','8','22',12),(4848,'2018-12-26 22:40:45','44','8','22',12),(4849,'2018-12-26 22:40:56','44','8','22',12),(4850,'2018-12-26 22:41:05','44','8','22',12),(4851,'2018-12-26 22:41:16','44','8','22',12),(4852,'2018-12-26 22:41:26','44','8','22',12),(4853,'2018-12-26 22:41:38','44','8','22',12),(4854,'2018-12-26 22:41:48','44','9','22',12),(4855,'2018-12-26 22:42:08','44','8','22',12),(4856,'2018-12-26 22:42:08','44','9','22',12),(4857,'2018-12-26 22:42:19','44','8','22',12),(4858,'2018-12-26 22:42:29','44','9','22',12),(4859,'2018-12-26 22:42:41','44','8','22',12),(4860,'2018-12-26 22:42:51','44','8','22',12),(4861,'2018-12-26 22:43:02','44','8','22',12),(4862,'2018-12-26 22:43:11','44','8','22',12),(4863,'2018-12-26 22:43:22','44','9','22',12),(4864,'2018-12-26 22:43:32','44','8','22',12),(4865,'2018-12-26 22:43:48','44','9','22',12),(4866,'2018-12-26 22:43:55','44','9','22',12),(4867,'2018-12-26 22:44:05','44','8','22',12),(4868,'2018-12-26 22:44:15','44','8','22',12),(4869,'2018-12-26 22:44:25','44','8','22',12),(4870,'2018-12-26 22:44:36','44','9','22',12),(4871,'2018-12-26 22:44:50','44','9','22',12),(4872,'2018-12-26 22:45:06','44','8','22',12),(4873,'2018-12-26 22:45:08','44','8','22',12),(4874,'2018-12-26 22:45:19','44','8','22',12),(4875,'2018-12-26 22:45:28','44','8','22',12),(4876,'2018-12-26 22:45:39','44','8','22',12),(4877,'2018-12-26 22:45:53','44','8','22',12),(4878,'2018-12-26 22:46:01','44','8','22',12),(4879,'2018-12-26 22:46:20','44','8','22',12),(4880,'2018-12-26 22:46:21','44','8','22',12),(4881,'2018-12-26 22:46:31','44','9','22',12),(4882,'2018-12-26 22:46:42','44','8','22',12),(4883,'2018-12-26 22:47:22','44','9','22',12),(4884,'2018-12-26 22:47:22','44','8','22',12),(4885,'2018-12-26 22:47:27','44','9','22',12),(4886,'2018-12-26 22:47:37','44','8','22',12),(4887,'2018-12-26 22:47:48','44','8','22',12),(4888,'2018-12-26 22:47:59','44','8','22',12),(4889,'2018-12-26 22:48:10','44','8','22',12),(4890,'2018-12-26 22:48:21','44','8','22',12),(4891,'2018-12-26 22:48:30','44','8','22',12),(4892,'2018-12-26 22:48:40','44','8','22',12),(4893,'2018-12-26 22:48:51','44','8','22',12),(4894,'2018-12-26 22:49:03','44','9','22',12),(4895,'2018-12-26 22:49:22','44','8','22',12),(4896,'2018-12-26 22:49:32','44','8','22',12),(4897,'2018-12-26 22:49:34','44','8','22',12),(4898,'2018-12-26 22:49:44','44','8','22',12),(4899,'2018-12-26 22:49:54','44','9','22',12),(4900,'2018-12-26 22:50:14','44','8','22',12),(4901,'2018-12-26 22:50:19','44','9','22',12),(4902,'2018-12-26 22:50:36','44','8','22',12),(4903,'2018-12-26 22:50:36','44','8','22',12),(4904,'2018-12-26 22:50:47','44','9','22',12),(4905,'2018-12-26 22:50:57','44','8','22',12),(4906,'2018-12-26 22:51:30','44','8','22',12),(4907,'2018-12-26 22:51:40','44','8','22',12),(4908,'2018-12-26 22:51:51','44','9','22',12),(4909,'2018-12-26 22:52:11','44','8','22',12),(4910,'2018-12-26 22:52:21','44','9','22',12),(4911,'2018-12-26 22:52:23','44','9','22',12),(4912,'2018-12-26 22:52:33','44','8','22',12),(4913,'2018-12-26 22:52:43','44','8','22',12),(4914,'2018-12-26 22:52:54','44','8','22',12),(4915,'2018-12-26 22:53:04','44','9','22',12),(4916,'2018-12-26 22:53:16','44','8','22',12),(4917,'2018-12-26 22:53:30','44','9','22',12),(4918,'2018-12-26 22:53:36','44','8','22',12),(4919,'2018-12-26 22:53:47','44','8','22',12),(4920,'2018-12-26 22:53:57','44','8','22',12),(4921,'2018-12-26 22:54:17','44','9','22',12),(4922,'2018-12-26 22:54:28','44','8','22',12),(4923,'2018-12-26 22:54:38','44','8','22',12),(4924,'2018-12-26 22:54:39','44','8','22',12),(4925,'2018-12-26 22:54:50','44','8','22',12),(4926,'2018-12-26 22:55:00','44','8','22',12),(4927,'2018-12-26 22:55:11','44','9','22',12),(4928,'2018-12-26 22:55:48','44','8','22',12),(4929,'2018-12-26 22:55:56','44','8','22',12),(4930,'2018-12-26 22:56:07','44','8','22',12),(4931,'2018-12-26 22:56:17','44','8','22',12),(4932,'2018-12-26 22:56:30','44','8','22',12),(4933,'2018-12-26 22:56:40','44','8','22',12),(4934,'2018-12-26 22:56:50','44','8','22',12),(4935,'2018-12-26 22:57:01','44','8','22',12),(4936,'2018-12-26 22:57:10','44','8','22',12),(4937,'2018-12-26 22:57:21','44','8','22',12),(4938,'2018-12-26 22:57:41','44','8','22',12),(4939,'2018-12-26 22:57:51','45','8','22',12),(4940,'2018-12-26 22:58:02','44','8','22',12),(4941,'2018-12-26 22:58:04','44','8','22',12),(4942,'2018-12-26 22:58:13','44','8','22',12),(4943,'2018-12-26 22:58:24','45','9','22',12),(4944,'2018-12-26 22:58:34','44','8','22',12),(4945,'2018-12-26 22:58:49','45','8','22',12),(4946,'2018-12-26 22:58:59','45','8','22',12),(4947,'2018-12-26 22:59:07','45','8','22',12),(4948,'2018-12-26 22:59:16','45','8','22',12),(4949,'2018-12-26 22:59:27','44','8','22',12),(4950,'2018-12-26 22:59:38','45','9','22',12),(4951,'2018-12-26 22:59:49','44','8','22',12),(4952,'2018-12-26 23:00:00','45','9','22',12),(4953,'2018-12-26 23:00:10','45','8','22',12),(4954,'2018-12-26 23:00:20','44','8','22',12),(4955,'2018-12-26 23:00:30','45','8','22',12),(4956,'2018-12-26 23:00:41','45','8','22',12),(4957,'2018-12-26 23:00:52','45','8','22',12),(4958,'2018-12-26 23:01:03','45','8','22',12),(4959,'2018-12-26 23:01:13','45','8','22',12),(4960,'2018-12-26 23:01:23','45','9','22',12),(4961,'2018-12-26 23:01:33','44','8','22',12),(4962,'2018-12-26 23:01:44','45','8','22',12),(4963,'2018-12-26 23:02:04','45','8','22',12),(4964,'2018-12-26 23:02:14','45','8','22',12),(4965,'2018-12-26 23:02:17','45','8','22',12),(4966,'2018-12-26 23:02:26','45','8','22',12),(4967,'2018-12-26 23:02:37','45','8','22',12),(4968,'2018-12-26 23:02:47','45','9','22',12),(4969,'2018-12-26 23:03:01','45','8','22',12),(4970,'2018-12-26 23:03:09','45','8','22',12),(4971,'2018-12-26 23:03:23','45','8','22',12),(4972,'2018-12-26 23:03:29','44','8','22',12),(4973,'2018-12-26 23:03:40','44','8','22',12),(4974,'2018-12-26 23:03:50','45','9','22',12),(4975,'2018-12-26 23:04:02','45','8','22',12),(4976,'2018-12-26 23:04:15','45','8','22',12),(4977,'2018-12-26 23:04:22','44','8','22',12),(4978,'2018-12-26 23:04:32','44','8','22',12),(4979,'2018-12-26 23:04:43','44','8','22',12),(4980,'2018-12-26 23:04:54','44','8','22',12),(4981,'2018-12-26 23:05:05','45','8','22',12),(4982,'2018-12-26 23:05:16','44','8','22',12),(4983,'2018-12-26 23:05:25','45','8','22',12),(4984,'2018-12-26 23:05:35','45','8','22',12),(4985,'2018-12-26 23:05:46','44','8','22',12),(4986,'2018-12-26 23:05:57','44','8','22',12),(4987,'2018-12-26 23:06:11','44','8','22',12),(4988,'2018-12-26 23:06:19','44','8','22',12),(4989,'2018-12-26 23:06:28','44','8','22',12),(4990,'2018-12-26 23:06:39','44','8','22',12),(4991,'2018-12-26 23:06:49','44','9','22',12),(4992,'2018-12-26 23:07:01','44','8','22',12),(4993,'2018-12-26 23:07:11','44','8','22',12),(4994,'2018-12-26 23:07:22','44','8','22',12),(4995,'2018-12-26 23:07:31','44','8','22',12),(4996,'2018-12-26 23:07:42','44','8','22',12),(4997,'2018-12-26 23:07:52','44','9','22',12),(4998,'2018-12-26 23:08:04','44','9','22',12),(4999,'2018-12-26 23:08:15','44','8','22',12),(5000,'2018-12-26 23:08:25','44','8','22',12),(5001,'2018-12-26 23:08:35','44','8','22',12),(5002,'2018-12-26 23:08:45','44','8','22',12),(5003,'2018-12-26 23:08:56','44','8','22',12),(5004,'2018-12-26 23:09:16','44','9','22',12),(5005,'2018-12-26 23:09:26','44','8','22',12),(5006,'2018-12-26 23:09:28','44','8','22',12),(5007,'2018-12-26 23:09:38','44','8','22',12),(5008,'2018-12-26 23:09:48','44','8','22',12),(5009,'2018-12-26 23:09:59','44','8','22',12),(5010,'2018-12-26 23:10:13','44','9','22',12),(5011,'2018-12-26 23:10:29','44','9','22',12),(5012,'2018-12-26 23:10:32','44','8','22',12),(5013,'2018-12-26 23:10:42','44','8','22',12),(5014,'2018-12-26 23:10:51','44','9','22',12),(5015,'2018-12-26 23:11:02','44','8','22',12),(5016,'2018-12-26 23:11:14','44','8','22',12),(5017,'2018-12-26 23:11:24','44','8','22',12),(5018,'2018-12-26 23:11:34','44','8','22',12),(5019,'2018-12-26 23:11:45','44','8','22',12),(5020,'2018-12-26 23:11:54','44','9','22',12),(5021,'2018-12-26 23:12:05','44','8','22',12),(5022,'2018-12-26 23:12:16','44','8','22',12),(5023,'2018-12-26 23:12:30','44','9','22',12),(5024,'2018-12-26 23:12:37','44','8','22',12),(5025,'2018-12-26 23:12:57','44','8','22',12),(5026,'2018-12-26 23:12:58','44','8','22',12),(5027,'2018-12-26 23:13:08','44','8','22',12),(5028,'2018-12-26 23:13:20','44','9','22',12),(5029,'2018-12-26 23:13:30','44','9','22',12),(5030,'2018-12-26 23:13:41','44','8','22',12),(5031,'2018-12-26 23:13:50','44','8','22',12),(5032,'2018-12-26 23:14:01','44','8','22',12),(5033,'2018-12-26 23:14:12','44','8','22',12),(5034,'2018-12-26 23:14:23','44','9','22',12),(5035,'2018-12-26 23:14:34','44','8','22',12),(5036,'2018-12-26 23:14:43','44','8','22',12),(5037,'2018-12-26 23:14:53','44','8','22',12),(5038,'2018-12-26 23:15:04','44','8','22',12),(5039,'2018-12-26 23:15:18','44','9','22',12),(5040,'2018-12-26 23:15:29','44','8','22',12),(5041,'2018-12-26 23:15:37','44','8','22',12),(5042,'2018-12-26 23:15:46','44','8','22',12),(5043,'2018-12-26 23:15:56','44','8','22',12),(5044,'2018-12-26 23:16:07','44','8','22',12),(5045,'2018-12-26 23:16:19','45','8','22',12),(5046,'2018-12-26 23:16:38','45','8','22',12),(5047,'2018-12-26 23:16:48','45','8','22',12),(5048,'2018-12-26 23:16:49','44','9','22',12),(5049,'2018-12-26 23:17:00','44','8','22',12),(5050,'2018-12-26 23:17:10','44','8','22',12),(5051,'2018-12-26 23:17:21','44','9','22',12),(5052,'2018-12-26 23:17:32','44','8','22',12),(5053,'2018-12-26 23:17:43','44','8','22',12),(5054,'2018-12-26 23:17:52','44','9','22',12),(5055,'2018-12-26 23:18:03','44','8','22',12),(5056,'2018-12-26 23:18:13','44','8','22',12),(5057,'2018-12-26 23:18:25','44','9','22',12),(5058,'2018-12-26 23:18:44','44','8','22',12),(5059,'2018-12-26 23:18:46','44','8','22',12),(5060,'2018-12-26 23:18:55','44','8','22',12),(5061,'2018-12-26 23:19:06','44','8','22',12),(5062,'2018-12-26 23:19:16','44','8','22',12),(5063,'2018-12-26 23:19:27','44','8','22',12),(5064,'2018-12-26 23:19:47','45','9','22',12),(5065,'2018-12-26 23:19:57','44','8','22',12),(5066,'2018-12-26 23:20:00','44','8','22',12),(5067,'2018-12-26 23:20:09','45','8','22',12),(5068,'2018-12-26 23:20:19','45','8','22',12),(5069,'2018-12-26 23:20:30','44','9','22',12),(5070,'2018-12-26 23:20:47','44','8','22',12),(5071,'2018-12-26 23:20:51','44','8','22',12),(5072,'2018-12-26 23:21:11','44','8','22',12),(5073,'2018-12-26 23:21:12','44','8','22',12),(5074,'2018-12-26 23:21:22','44','8','22',12),(5075,'2018-12-26 23:21:37','44','8','22',12),(5076,'2018-12-26 23:21:47','44','9','22',12),(5077,'2018-12-26 23:21:58','44','8','22',12),(5078,'2018-12-26 23:22:06','44','9','22',12),(5079,'2018-12-26 23:22:15','44','8','22',12),(5080,'2018-12-26 23:22:26','44','8','22',12),(5081,'2018-12-26 23:22:37','44','8','22',12),(5082,'2018-12-26 23:22:48','44','9','22',12),(5083,'2018-12-26 23:22:59','44','8','22',12),(5084,'2018-12-26 23:23:09','44','8','22',12),(5085,'2018-12-26 23:23:18','44','8','22',12),(5086,'2018-12-26 23:23:29','44','9','22',12),(5087,'2018-12-26 23:23:39','44','8','22',12),(5088,'2018-12-26 23:23:50','44','8','22',12),(5089,'2018-12-26 23:24:01','44','8','22',12),(5090,'2018-12-26 23:24:12','44','8','22',12),(5091,'2018-12-26 23:24:21','44','9','22',12),(5092,'2018-12-26 23:24:32','44','9','22',12),(5093,'2018-12-26 23:24:42','44','8','22',12),(5094,'2018-12-26 23:24:56','44','8','22',12),(5095,'2018-12-26 23:25:07','44','9','22',12),(5096,'2018-12-26 23:25:15','44','8','22',12),(5097,'2018-12-26 23:25:24','44','8','22',12),(5098,'2018-12-26 23:25:34','45','6','22',12),(5099,'2018-12-26 23:26:11','45','5','23',12),(5100,'2018-12-26 23:26:19','45','4','23',12),(5101,'2018-12-26 23:26:30','43','6','24',12),(5102,'2018-12-26 23:26:40','41','5','24',12),(5103,'2018-12-26 23:26:57','51','5','22',12),(5104,'2018-12-26 23:27:02','54','4','22',12),(5105,'2018-12-26 23:27:13','52','4','22',12),(5106,'2018-12-26 23:27:14','40','6','25',12),(5107,'2018-12-26 23:27:23','54','4','22',12),(5108,'2018-12-26 23:27:25','40','6','25',12),(5109,'2018-12-26 23:27:34','53','4','22',12),(5110,'2018-12-26 23:27:35','40','6','25',12),(5111,'2018-12-26 23:27:44','52','4','22',12),(5112,'2018-12-26 23:27:48','39','6','26',12),(5113,'2018-12-26 23:27:55','51','4','23',12),(5114,'2018-12-26 23:27:58','38','6','26',12),(5115,'2018-12-26 23:28:05','50','4','23',12),(5116,'2018-12-26 23:28:12','38','6','26',12),(5117,'2018-12-26 23:28:16','52','4','23',12),(5118,'2018-12-26 23:28:27','53','4','23',12),(5119,'2018-12-26 23:28:37','53','4','23',12),(5120,'2018-12-26 23:28:48','53','4','23',12),(5121,'2018-12-26 23:28:58','37','6','27',12),(5122,'2018-12-26 23:29:04','37','6','27',12),(5123,'2018-12-26 23:29:13','36','6','27',12),(5124,'2018-12-26 23:29:24','36','5','28',12),(5125,'2018-12-26 23:29:32','50','4','23',12),(5126,'2018-12-26 23:29:40','36','6','28',12),(5127,'2018-12-26 23:29:42','48','4','23',12),(5128,'2018-12-26 23:29:50','35','6','28',12),(5129,'2018-12-26 23:29:53','46','4','23',12),(5130,'2018-12-26 23:30:01','35','6','28',12),(5131,'2018-12-26 23:30:03','45','4','23',12),(5132,'2018-12-26 23:30:06','35','6','28',12),(5133,'2018-12-26 23:30:14','45','4','23',12),(5134,'2018-12-26 23:30:16','35','6','29',12),(5135,'2018-12-26 23:30:25','44','4','23',12),(5136,'2018-12-26 23:30:29','34','6','29',12),(5137,'2018-12-26 23:30:35','44','4','23',12),(5138,'2018-12-26 23:30:39','34','6','29',12),(5139,'2018-12-26 23:30:46','44','4','23',12),(5140,'2018-12-26 23:30:53','34','6','29',12),(5141,'2018-12-26 23:30:56','45','4','23',12),(5142,'2018-12-26 23:31:15','33','7','29',12),(5143,'2018-12-26 23:31:15','33','6','30',12),(5144,'2018-12-26 23:31:19','33','6','30',12),(5145,'2018-12-26 23:31:24','47','3','23',12),(5146,'2018-12-26 23:31:32','33','6','30',12),(5147,'2018-12-26 23:31:35','49','4','23',12),(5148,'2018-12-26 23:31:42','32','7','30',12),(5149,'2018-12-26 23:31:45','47','4','23',12),(5150,'2018-12-26 23:31:53','32','6','30',12),(5151,'2018-12-26 23:32:00','47','4','23',12),(5152,'2018-12-26 23:32:03','32','7','30',12),(5153,'2018-12-26 23:32:06','46','4','23',12),(5154,'2018-12-26 23:32:12','32','6','31',12),(5155,'2018-12-26 23:32:17','46','5','23',12),(5156,'2018-12-26 23:32:22','31','6','31',12),(5157,'2018-12-26 23:32:35','31','7','31',12),(5158,'2018-12-26 23:32:45','31','6','31',12),(5159,'2018-12-26 23:32:56','31','6','31',12),(5160,'2018-12-26 23:33:06','31','6','31',12),(5162,'2018-12-26 23:33:13','44','4','23',13),(5163,'2018-12-26 23:33:24','45','4','24',13),(5164,'2018-12-26 23:33:27','31','6','31',12),(5165,'2018-12-26 23:33:37','30','7','32',12),(5166,'2018-12-26 23:33:43','45','4','23',13),(5167,'2018-12-26 23:33:47','30','6','32',12),(5168,'2018-12-26 23:33:54','44','4','23',13),(5169,'2018-12-26 23:34:00','30','7','32',12),(5170,'2018-12-26 23:34:10','30','7','32',12),(5171,'2018-12-26 23:34:16','48','4','24',13),(5172,'2018-12-26 23:34:21','30','7','32',12),(5173,'2018-12-26 23:34:38','47','5','24',13),(5174,'2018-12-26 23:34:40','29','6','32',12),(5175,'2018-12-26 23:34:51','29','7','32',12),(5176,'2018-12-26 23:34:59','46','4','24',13),(5177,'2018-12-26 23:35:01','29','6','32',12),(5178,'2018-12-26 23:35:14','29','7','32',12),(5179,'2018-12-26 23:35:20','46','5','24',13),(5180,'2018-12-26 23:35:24','29','7','33',12),(5181,'2018-12-26 23:35:30','49','4','24',13),(5182,'2018-12-26 23:35:35','29','6','33',12),(5183,'2018-12-26 23:35:41','47','5','24',13),(5184,'2018-12-26 23:35:45','29','6','33',12),(5185,'2018-12-26 23:35:51','45','5','24',13),(5186,'2018-12-26 23:35:54','29','7','33',12),(5187,'2018-12-26 23:36:02','44','4','24',13),(5188,'2018-12-26 23:36:05','29','7','33',12),(5189,'2018-12-26 23:36:12','44','5','24',13),(5190,'2018-12-26 23:36:17','29','7','33',12),(5191,'2018-12-26 23:36:23','45','5','24',13),(5192,'2018-12-26 23:36:28','29','6','33',12),(5193,'2018-12-26 23:36:34','47','4','24',13),(5194,'2018-12-26 23:36:38','28','7','33',12),(5195,'2018-12-26 23:36:44','47','4','24',13),(5196,'2018-12-26 23:36:55','47','4','24',13),(5197,'2018-12-26 23:36:57','28','6','33',12),(5198,'2018-12-26 23:37:05','48','5','24',13),(5199,'2018-12-26 23:37:08','28','7','33',12),(5200,'2018-12-26 23:37:20','28','7','33',12),(5201,'2018-12-26 23:37:29','28','6','33',12),(5202,'2018-12-26 23:37:34','47','5','24',13),(5203,'2018-12-26 23:37:39','28','6','33',12),(5204,'2018-12-26 23:37:44','44','5','24',13),(5205,'2018-12-26 23:37:52','28','8','33',12),(5206,'2018-12-26 23:37:55','44','5','24',13),(5207,'2018-12-26 23:38:02','28','6','33',12),(5208,'2018-12-26 23:38:09','44','5','24',13),(5209,'2018-12-26 23:38:13','28','7','33',12),(5210,'2018-12-26 23:38:16','44','4','24',13),(5211,'2018-12-26 23:38:21','28','6','33',12),(5212,'2018-12-26 23:38:30','44','5','24',13),(5213,'2018-12-26 23:38:32','28','6','33',12),(5214,'2018-12-26 23:38:42','47','4','24',13),(5215,'2018-12-26 23:38:44','47','4','24',13),(5216,'2018-12-26 23:38:47','47','4','24',13),(5217,'2018-12-26 23:38:49','46','4','24',13),(5218,'2018-12-26 23:38:51','46','4','24',13),(5219,'2018-12-26 23:38:53','46','4','24',13),(5220,'2018-12-26 23:38:55','46','4','24',13),(5221,'2018-12-26 23:38:57','46','4','24',13),(5222,'2018-12-26 23:38:59','47','4','24',13),(5223,'2018-12-26 23:39:02','47','4','24',13),(5224,'2018-12-26 23:39:06','47','4','24',13),(5225,'2018-12-26 23:39:07','48','4','24',13),(5226,'2018-12-26 23:39:17','49','4','24',13),(5227,'2018-12-26 23:39:18','49','4','24',13),(5228,'2018-12-26 23:39:20','49','4','24',13),(5229,'2018-12-26 23:39:22','49','4','24',13),(5230,'2018-12-26 23:39:23','49','4','24',13),(5231,'2018-12-26 23:39:25','49','5','24',13),(5232,'2018-12-26 23:39:27','49','4','24',13),(5233,'2018-12-26 23:39:29','50','4','24',13),(5234,'2018-12-26 23:39:32','50','4','24',13),(5235,'2018-12-26 23:39:34','49','4','24',13),(5236,'2018-12-26 23:39:36','50','4','24',13),(5237,'2018-12-26 23:39:38','50','5','24',13),(5238,'2018-12-26 23:39:40','49','5','24',13),(5239,'2018-12-26 23:39:42','48','4','24',13),(5240,'2018-12-26 23:39:45','47','4','24',13),(5241,'2018-12-26 23:39:47','47','4','24',13),(5242,'2018-12-26 23:39:49','46','5','24',13),(5243,'2018-12-26 23:39:51','46','5','24',13),(5244,'2018-12-26 23:39:53','46','5','24',13),(5245,'2018-12-26 23:39:55','46','4','24',13),(5246,'2018-12-26 23:39:57','45','5','24',13),(5247,'2018-12-26 23:40:00','45','5','24',13),(5248,'2018-12-26 23:40:02','45','4','24',13),(5249,'2018-12-26 23:40:04','45','4','24',13),(5250,'2018-12-26 23:40:06','28','7','34',12),(5251,'2018-12-26 23:40:19','46','5','24',13),(5252,'2018-12-26 23:40:20','45','4','24',13),(5253,'2018-12-26 23:40:27','45','4','24',13),(5254,'2018-12-26 23:40:27','44','5','24',13),(5255,'2018-12-26 23:40:27','44','5','24',13),(5256,'2018-12-26 23:40:29','44','4','24',13),(5257,'2018-12-26 23:40:44','44','5','24',13),(5258,'2018-12-26 23:40:44','44','5','24',13),(5259,'2018-12-26 23:40:44','44','5','24',13),(5260,'2018-12-26 23:40:45','44','5','24',13),(5261,'2018-12-26 23:40:47','44','4','24',13),(5262,'2018-12-26 23:40:50','27','7','34',12),(5263,'2018-12-26 23:40:59','27','6','34',12),(5264,'2018-12-26 23:41:00','44','4','24',13),(5265,'2018-12-26 23:41:02','44','5','24',13),(5266,'2018-12-26 23:41:04','44','4','24',13),(5267,'2018-12-26 23:41:06','44','5','24',13),(5268,'2018-12-26 23:41:09','27','6','34',12),(5269,'2018-12-26 23:41:20','27','6','34',12),(5270,'2018-12-26 23:41:30','27','7','34',12),(5271,'2018-12-26 23:41:41','27','6','34',12),(5272,'2018-12-26 23:41:51','27','7','34',12),(5273,'2018-12-26 23:41:56','43','4','24',13),(5274,'2018-12-26 23:41:57','44','4','24',13),(5275,'2018-12-26 23:41:59','44','5','24',13),(5276,'2018-12-26 23:42:05','27','7','34',12),(5277,'2018-12-26 23:42:10','43','4','24',13),(5278,'2018-12-26 23:42:12','44','4','24',13),(5279,'2018-12-26 23:42:14','44','4','24',13),(5280,'2018-12-26 23:42:16','44','4','24',13),(5281,'2018-12-26 23:42:19','44','4','24',13),(5282,'2018-12-26 23:42:21','44','5','24',13),(5283,'2018-12-26 23:42:23','44','5','24',13),(5284,'2018-12-26 23:42:25','44','4','24',13),(5285,'2018-12-26 23:42:27','44','5','24',13),(5286,'2018-12-26 23:42:29','44','5','24',13),(5287,'2018-12-26 23:42:32','44','4','24',13),(5288,'2018-12-26 23:42:34','44','4','24',13),(5289,'2018-12-26 23:42:38','44','5','24',13),(5290,'2018-12-26 23:42:40','44','4','24',13),(5291,'2018-12-26 23:42:42','44','4','24',13),(5292,'2018-12-26 23:42:44','45','5','24',13),(5293,'2018-12-26 23:42:48','27','7','34',12),(5294,'2018-12-26 23:42:55','45','5','24',13),(5295,'2018-12-26 23:42:59','27','6','34',12),(5296,'2018-12-26 23:43:07','27','6','34',12),(5297,'2018-12-26 23:43:18','27','7','34',12),(5298,'2018-12-26 23:43:29','27','6','34',12),(5299,'2018-12-26 23:43:41','27','7','34',12),(5300,'2018-12-26 23:43:55','27','7','34',12),(5301,'2018-12-26 23:44:02','27','7','34',12),(5302,'2018-12-26 23:44:11','27','7','34',12),(5303,'2018-12-26 23:44:21','27','7','34',12),(5304,'2018-12-26 23:44:30','44','5','24',13),(5305,'2018-12-26 23:44:34','27','7','34',12),(5306,'2018-12-26 23:44:41','44','5','24',13),(5307,'2018-12-26 23:44:44','27','6','34',12),(5308,'2018-12-26 23:44:54','27','7','34',12),(5309,'2018-12-26 23:45:05','27','7','34',12),(5310,'2018-12-26 23:45:14','44','4','24',13),(5311,'2018-12-26 23:45:14','45','4','24',13),(5312,'2018-12-26 23:45:17','45','4','24',13),(5313,'2018-12-26 23:45:19','45','5','24',13),(5314,'2018-12-26 23:45:21','44','5','24',13),(5315,'2018-12-26 23:45:23','44','5','24',13),(5316,'2018-12-26 23:45:25','44','4','24',13),(5317,'2018-12-26 23:45:27','44','4','24',13),(5318,'2018-12-26 23:45:30','44','5','24',13),(5319,'2018-12-26 23:45:32','43','5','24',13),(5320,'2018-12-26 23:45:36','43','5','24',13),(5321,'2018-12-26 23:45:49','43','5','24',13),(5322,'2018-12-26 23:45:55','27','7','34',12),(5323,'2018-12-26 23:46:04','43','5','24',13),(5324,'2018-12-26 23:46:05','27','7','35',12),(5325,'2018-12-26 23:46:10','43','5','24',13),(5326,'2018-12-26 23:46:28','27','6','35',12),(5327,'2018-12-26 23:46:31','43','4','24',13),(5328,'2018-12-26 23:46:39','27','6','35',12),(5329,'2018-12-26 23:46:48','46','5','24',13),(5330,'2018-12-26 23:46:50','45','6','24',13),(5331,'2018-12-26 23:46:52','45','5','24',13),(5332,'2018-12-26 23:46:54','45','5','24',13),(5333,'2018-12-26 23:46:56','45','5','24',13),(5334,'2018-12-26 23:46:59','45','5','24',13),(5335,'2018-12-26 23:47:01','45','6','24',13),(5336,'2018-12-26 23:47:03','45','6','24',13),(5337,'2018-12-26 23:47:05','45','5','24',13),(5338,'2018-12-26 23:47:08','27','6','35',12),(5339,'2018-12-26 23:47:19','27','7','35',12),(5340,'2018-12-26 23:47:29','27','6','35',12),(5341,'2018-12-26 23:47:30','45','5','24',13),(5342,'2018-12-26 23:47:40','27','5','35',12),(5343,'2018-12-26 23:47:40','42','5','24',13),(5344,'2018-12-26 23:47:51','42','5','24',13),(5345,'2018-12-26 23:48:03','42','5','24',13),(5346,'2018-12-26 23:48:14','41','5','24',13),(5347,'2018-12-26 23:48:24','41','4','24',13),(5348,'2018-12-26 23:48:32','26','7','35',12),(5349,'2018-12-26 23:48:35','41','4','24',13),(5350,'2018-12-26 23:48:43','26','7','35',12),(5351,'2018-12-26 23:48:45','41','4','24',13),(5352,'2018-12-26 23:48:56','41','5','24',13),(5353,'2018-12-26 23:49:06','41','5','24',13),(5354,'2018-12-26 23:49:17','41','5','24',13),(5355,'2018-12-26 23:49:25','26','6','35',12),(5356,'2018-12-26 23:49:27','41','5','24',13),(5357,'2018-12-26 23:49:35','26','6','35',12),(5358,'2018-12-26 23:49:38','41','5','24',13),(5359,'2018-12-26 23:49:49','41','4','24',13),(5360,'2018-12-26 23:49:59','41','5','24',13),(5361,'2018-12-26 23:50:10','41','4','24',13),(5362,'2018-12-26 23:50:20','41','5','24',13),(5363,'2018-12-26 23:50:34','41','4','24',13),(5364,'2018-12-26 23:50:40','41','5','24',13),(5365,'2018-12-26 23:50:47','26','6','35',12),(5366,'2018-12-26 23:50:50','42','5','24',13),(5367,'2018-12-26 23:50:53','26','6','35',12),(5368,'2018-12-26 23:51:01','42','4','24',13),(5369,'2018-12-26 23:51:04','26','6','35',12),(5370,'2018-12-26 23:51:11','42','5','24',13),(5371,'2018-12-26 23:51:22','42','5','24',13),(5372,'2018-12-26 23:51:23','26','6','35',12),(5373,'2018-12-26 23:51:32','42','5','24',13),(5374,'2018-12-26 23:51:34','26','6','35',12),(5375,'2018-12-26 23:51:43','42','5','24',13),(5376,'2018-12-26 23:51:50','26','6','35',12),(5377,'2018-12-26 23:51:53','42','4','24',13),(5378,'2018-12-26 23:51:57','26','6','35',12),(5379,'2018-12-26 23:52:04','42','5','24',13),(5380,'2018-12-26 23:52:11','26','6','35',12),(5381,'2018-12-26 23:52:14','42','5','24',13),(5382,'2018-12-26 23:52:25','42','5','24',13),(5383,'2018-12-26 23:52:36','42','5','24',13),(5384,'2018-12-26 23:52:40','26','6','35',12),(5385,'2018-12-26 23:52:49','42','5','24',13),(5386,'2018-12-26 23:52:59','42','5','24',13),(5387,'2018-12-26 23:53:10','42','5','24',13),(5388,'2018-12-26 23:53:21','42','5','24',13),(5389,'2018-12-26 23:53:31','42','4','24',13),(5390,'2018-12-26 23:53:48','26','7','35',12),(5391,'2018-12-26 23:53:54','26','6','35',12),(5392,'2018-12-26 23:53:55','42','5','24',13),(5393,'2018-12-26 23:54:05','26','7','35',12),(5394,'2018-12-26 23:54:07','42','5','24',13),(5395,'2018-12-26 23:54:15','26','6','35',12),(5396,'2018-12-26 23:54:18','42','4','24',13),(5397,'2018-12-26 23:54:26','26','7','35',12),(5398,'2018-12-26 23:54:28','42','5','24',13),(5399,'2018-12-26 23:54:35','26','6','35',12),(5400,'2018-12-26 23:54:45','26','6','35',12),(5401,'2018-12-26 23:54:54','42','5','24',13),(5402,'2018-12-26 23:54:58','26','7','35',12),(5403,'2018-12-26 23:55:05','42','5','24',13),(5404,'2018-12-26 23:55:19','26','6','35',12),(5405,'2018-12-26 23:55:32','42','5','24',13),(5406,'2018-12-26 23:55:38','26','6','35',12),(5407,'2018-12-26 23:55:42','42','5','24',13),(5408,'2018-12-26 23:55:48','26','7','35',12),(5409,'2018-12-26 23:55:52','42','5','24',13),(5410,'2018-12-26 23:56:03','42','5','24',13),(5411,'2018-12-26 23:56:11','26','6','35',12),(5412,'2018-12-26 23:56:13','42','5','24',13),(5413,'2018-12-26 23:56:22','26','7','35',12),(5414,'2018-12-26 23:56:24','42','4','24',13),(5415,'2018-12-26 23:56:32','26','7','35',12),(5416,'2018-12-26 23:56:35','42','5','24',13),(5417,'2018-12-26 23:56:44','42','5','24',13),(5418,'2018-12-26 23:56:54','42','5','24',13),(5419,'2018-12-26 23:57:06','42','5','24',13),(5420,'2018-12-26 23:57:13','26','7','35',12),(5421,'2018-12-26 23:57:17','42','5','24',13),(5422,'2018-12-26 23:57:24','26','6','35',12),(5423,'2018-12-26 23:57:28','42','5','24',13),(5424,'2018-12-26 23:57:38','42','5','24',13),(5425,'2018-12-26 23:57:47','42','5','24',13),(5426,'2018-12-26 23:57:59','42','4','24',13),(5427,'2018-12-26 23:58:10','43','5','24',13),(5428,'2018-12-26 23:58:20','43','5','24',13),(5429,'2018-12-26 23:58:31','42','5','24',13),(5430,'2018-12-26 23:58:40','43','5','24',13),(5431,'2018-12-26 23:58:50','43','5','24',13),(5432,'2018-12-26 23:58:54','26','7','35',12),(5433,'2018-12-26 23:59:03','26','7','35',12),(5434,'2018-12-26 23:59:22','43','5','24',13),(5435,'2018-12-26 23:59:22','42','5','24',13),(5436,'2018-12-26 23:59:40','42','4','24',13),(5437,'2018-12-26 23:59:50','42','5','24',13),(5438,'2018-12-26 23:59:53','42','4','24',13),(5439,'2018-12-27 00:00:02','42','4','24',13),(5440,'2018-12-27 00:00:16','42','4','24',13),(5441,'2018-12-27 00:00:24','42','5','24',13),(5442,'2018-12-27 00:00:43','42','5','24',13),(5443,'2018-12-27 00:00:43','42','5','24',13),(5444,'2018-12-27 00:00:43','42','4','24',13),(5445,'2018-12-27 00:00:48','43','4','24',13),(5446,'2018-12-27 00:01:00','44','5','24',13),(5447,'2018-12-27 00:01:10','44','5','24',13),(5448,'2018-12-27 00:01:30','43','5','24',13),(5449,'2018-12-27 00:01:30','43','5','24',13),(5450,'2018-12-27 00:01:41','45','5','24',13),(5451,'2018-12-27 00:01:53','44','4','24',13),(5452,'2018-12-27 00:02:03','44','5','24',13),(5453,'2018-12-27 00:02:22','44','5','24',13),(5454,'2018-12-27 00:02:23','44','4','24',13),(5455,'2018-12-27 00:02:34','45','5','24',13),(5456,'2018-12-27 00:02:45','45','5','24',13),(5457,'2018-12-27 00:02:55','45','5','24',13),(5458,'2018-12-27 00:03:05','45','4','24',13),(5459,'2018-12-27 00:03:16','44','5','24',13),(5460,'2018-12-27 00:03:27','44','5','24',13),(5461,'2018-12-27 00:03:38','44','5','24',13),(5462,'2018-12-27 00:03:49','44','5','24',13),(5463,'2018-12-27 00:03:58','44','4','24',13),(5464,'2018-12-27 00:04:08','44','5','24',13),(5465,'2018-12-27 00:04:20','45','5','24',13),(5466,'2018-12-27 00:04:39','45','4','24',13),(5467,'2018-12-27 00:04:40','45','5','24',13),(5468,'2018-12-27 00:04:50','45','5','24',13),(5469,'2018-12-27 00:05:11','46','5','24',13),(5470,'2018-12-27 00:05:12','44','4','24',13),(5471,'2018-12-27 00:05:23','43','5','24',13),(5472,'2018-12-27 00:05:32','43','5','24',13),(5473,'2018-12-27 00:05:43','43','5','24',13),(5474,'2018-12-27 00:05:54','42','5','24',13),(5475,'2018-12-27 00:06:05','42','4','24',13),(5476,'2018-12-27 00:06:15','42','4','24',13),(5477,'2018-12-27 00:06:25','42','4','24',13),(5478,'2018-12-27 00:06:45','43','5','24',13),(5479,'2018-12-27 00:06:56','43','5','24',13),(5480,'2018-12-27 00:06:58','42','5','24',13),(5481,'2018-12-27 00:07:07','42','5','24',13),(5482,'2018-12-27 00:07:27','44','5','24',13),(5483,'2018-12-27 00:07:38','44','5','24',13),(5484,'2018-12-27 00:07:48','43','4','24',13),(5485,'2018-12-27 00:07:49','44','4','24',13),(5486,'2018-12-27 00:08:00','44','5','24',13),(5487,'2018-12-27 00:08:20','43','5','24',13),(5488,'2018-12-27 00:08:21','44','5','24',13),(5489,'2018-12-27 00:08:33','43','4','24',13),(5490,'2018-12-27 00:08:42','43','5','24',13),(5491,'2018-12-27 00:08:52','44','5','24',13),(5492,'2018-12-27 00:09:04','43','5','24',13),(5493,'2018-12-27 00:09:15','42','5','24',13),(5494,'2018-12-27 00:09:24','42','4','24',13),(5495,'2018-12-27 00:09:34','43','5','24',13),(5496,'2018-12-27 00:09:55','44','5','24',13),(5497,'2018-12-27 00:09:57','43','5','24',13),(5498,'2018-12-27 00:10:06','43','4','24',13),(5499,'2018-12-27 00:10:17','44','5','24',13),(5500,'2018-12-27 00:10:32','44','5','24',13),(5501,'2018-12-27 00:10:39','43','4','24',13),(5502,'2018-12-27 00:10:48','43','5','24',13),(5503,'2018-12-27 00:11:03','44','5','24',13),(5504,'2018-12-27 00:11:10','44','5','24',13),(5505,'2018-12-27 00:11:21','44','4','24',13),(5506,'2018-12-27 00:11:30','43','4','24',13),(5507,'2018-12-27 00:11:52','44','4','24',13),(5508,'2018-12-27 00:11:52','45','5','24',13),(5509,'2018-12-27 00:12:12','45','5','24',13),(5510,'2018-12-27 00:12:12','46','4','24',13),(5511,'2018-12-27 00:12:23','45','5','24',13),(5512,'2018-12-27 00:12:34','45','5','24',13),(5513,'2018-12-27 00:12:45','45','5','24',13),(5514,'2018-12-27 00:12:54','45','5','24',13),(5515,'2018-12-27 00:13:05','43','4','24',13),(5516,'2018-12-27 00:13:17','43','5','24',13),(5517,'2018-12-27 00:13:36','43','5','24',13),(5518,'2018-12-27 00:13:46','43','5','24',13),(5519,'2018-12-27 00:13:47','44','4','24',13),(5520,'2018-12-27 00:13:58','44','5','24',13),(5521,'2018-12-27 00:14:09','42','5','24',13),(5522,'2018-12-27 00:14:20','42','4','24',13),(5523,'2018-12-27 00:14:29','42','4','24',13),(5524,'2018-12-27 00:14:40','42','5','24',13),(5525,'2018-12-27 00:15:00','42','5','24',13),(5526,'2018-12-27 00:15:10','42','5','24',13),(5527,'2018-12-27 00:15:13','43','5','24',13),(5528,'2018-12-27 00:15:22','43','5','24',13),(5529,'2018-12-27 00:15:34','42','5','24',13),(5530,'2018-12-27 00:15:52','43','5','24',13),(5531,'2018-12-27 00:16:03','42','5','24',13),(5532,'2018-12-27 00:16:04','42','5','24',13),(5533,'2018-12-27 00:16:14','41','5','24',13),(5534,'2018-12-27 00:16:47','42','4','24',13),(5535,'2018-12-27 00:16:58','43','5','24',13),(5536,'2018-12-27 00:17:09','44','5','24',13),(5537,'2018-12-27 00:17:19','44','5','24',13),(5538,'2018-12-27 00:17:30','43','5','24',13),(5539,'2018-12-27 00:17:40','44','4','24',13),(5540,'2018-12-27 00:18:00','43','5','24',13),(5541,'2018-12-27 00:18:10','42','5','24',13),(5542,'2018-12-27 00:18:21','42','4','24',13),(5543,'2018-12-27 00:18:22','43','5','24',13),(5544,'2018-12-27 00:18:32','43','5','24',13),(5545,'2018-12-27 00:18:44','43','5','24',13),(5546,'2018-12-27 00:18:54','45','5','24',13),(5547,'2018-12-27 00:19:04','45','4','24',13),(5548,'2018-12-27 00:19:14','43','5','24',13),(5549,'2018-12-27 00:19:26','42','5','24',13),(5550,'2018-12-27 00:19:46','41','5','24',13),(5551,'2018-12-27 00:19:57','41','4','24',13),(5552,'2018-12-27 00:20:09','42','5','24',13),(5553,'2018-12-27 00:20:19','43','5','24',13),(5554,'2018-12-27 00:20:28','42','4','24',13),(5555,'2018-12-27 00:20:39','43','5','24',13),(5556,'2018-12-27 00:20:50','43','4','24',13),(5557,'2018-12-27 00:21:10','42','4','24',13),(5558,'2018-12-27 00:21:10','41','5','24',13),(5559,'2018-12-27 00:21:21','41','4','24',13),(5560,'2018-12-27 00:21:32','42','5','24',13),(5561,'2018-12-27 00:21:43','41','5','24',13),(5562,'2018-12-27 00:21:52','42','5','24',13),(5563,'2018-12-27 00:22:03','43','4','24',13),(5564,'2018-12-27 00:22:23','43','5','24',13),(5565,'2018-12-27 00:22:28','43','5','24',13),(5566,'2018-12-27 00:22:34','43','4','24',13),(5567,'2018-12-27 00:22:45','42','4','24',13),(5568,'2018-12-27 00:22:59','43','4','24',13),(5569,'2018-12-27 00:23:07','43','5','24',13),(5570,'2018-12-27 00:23:18','42','4','24',13),(5571,'2018-12-27 00:23:27','43','5','24',13),(5572,'2018-12-27 00:23:38','42','5','24',13),(5573,'2018-12-27 00:23:49','42','5','24',13),(5574,'2018-12-27 00:24:00','42','4','24',13),(5575,'2018-12-27 00:24:09','41','4','24',13),(5576,'2018-12-27 00:24:20','41','4','24',13),(5577,'2018-12-27 00:24:31','41','5','24',13),(5578,'2018-12-27 00:24:42','40','4','24',13),(5579,'2018-12-27 00:24:51','40','5','24',13),(5580,'2018-12-27 00:25:02','40','5','24',13),(5581,'2018-12-27 00:25:22','40','5','24',13),(5582,'2018-12-27 00:25:32','40','5','24',13),(5583,'2018-12-27 00:25:33','40','4','24',13),(5584,'2018-12-27 00:25:44','40','4','24',13),(5585,'2018-12-27 00:26:04','40','5','24',13),(5586,'2018-12-27 00:26:08','40','4','24',13),(5587,'2018-12-27 00:26:25','40','5','24',13),(5588,'2018-12-27 00:26:26','40','4','24',13),(5589,'2018-12-27 00:26:37','40','5','24',13),(5590,'2018-12-27 00:26:48','40','5','24',13),(5591,'2018-12-27 00:27:07','40','4','24',13),(5592,'2018-12-27 00:27:08','40','5','24',13),(5593,'2018-12-27 00:27:19','40','5','24',13),(5594,'2018-12-27 00:27:30','40','5','24',13),(5595,'2018-12-27 00:27:50','40','5','24',13),(5596,'2018-12-27 00:27:50','40','5','24',13),(5597,'2018-12-27 00:28:01','40','5','24',13),(5598,'2018-12-27 00:28:12','40','5','24',13),(5599,'2018-12-27 00:28:32','40','5','24',13),(5600,'2018-12-27 00:28:32','40','5','24',13),(5601,'2018-12-27 00:28:43','40','5','24',13),(5602,'2018-12-27 00:28:59','40','5','24',13),(5603,'2018-12-27 00:29:05','40','5','24',13),(5604,'2018-12-27 00:29:14','40','5','24',13),(5605,'2018-12-27 00:29:25','40','5','24',13),(5606,'2018-12-27 00:29:48','40','5','24',13),(5607,'2018-12-27 00:29:59','40','5','24',13),(5608,'2018-12-27 00:30:11','40','5','24',13),(5609,'2018-12-27 00:30:21','40','5','24',13),(5610,'2018-12-27 00:30:32','40','5','24',13),(5611,'2018-12-27 00:30:41','40','5','24',13),(5612,'2018-12-27 00:30:52','40','5','24',13),(5613,'2018-12-27 00:31:03','40','5','24',13),(5614,'2018-12-27 00:31:22','40','5','24',13),(5615,'2018-12-27 00:31:23','40','5','24',13),(5616,'2018-12-27 00:31:34','40','5','24',13),(5617,'2018-12-27 00:31:45','40','5','24',13),(5618,'2018-12-27 00:32:05','40','5','24',13),(5619,'2018-12-27 00:32:05','40','5','24',13),(5620,'2018-12-27 00:32:16','40','5','24',13),(5621,'2018-12-27 00:32:27','40','5','24',13),(5622,'2018-12-27 00:32:38','40','5','24',13),(5623,'2018-12-27 00:32:47','40','5','24',13),(5624,'2018-12-27 00:32:58','40','5','24',13),(5625,'2018-12-27 00:33:14','40','5','24',13),(5626,'2018-12-27 00:33:20','40','5','24',13),(5627,'2018-12-27 00:33:33','40','4','24',13),(5628,'2018-12-27 00:33:40','40','5','24',13),(5629,'2018-12-27 00:33:51','40','5','24',13),(5630,'2018-12-27 00:34:02','40','5','24',13),(5631,'2018-12-27 00:34:13','40','5','24',13),(5632,'2018-12-27 00:34:22','40','5','24',13),(5633,'2018-12-27 00:34:32','40','5','24',13),(5634,'2018-12-27 00:34:53','41','5','24',13),(5635,'2018-12-27 00:34:55','41','4','24',13),(5636,'2018-12-27 00:35:04','43','5','24',13),(5637,'2018-12-27 00:35:15','42','4','24',13),(5638,'2018-12-27 00:35:29','42','5','24',13),(5639,'2018-12-27 00:35:45','42','5','24',13),(5640,'2018-12-27 00:35:48','42','4','24',13),(5641,'2018-12-27 00:35:57','42','5','24',13),(5642,'2018-12-27 00:36:09','41','5','24',13),(5643,'2018-12-27 00:36:22','41','5','24',13),(5644,'2018-12-27 00:36:38','40','5','24',13),(5645,'2018-12-27 00:36:39','41','4','24',13),(5646,'2018-12-27 00:36:49','41','5','24',13),(5647,'2018-12-27 00:37:01','42','5','24',13),(5648,'2018-12-27 00:37:12','42','4','24',13),(5649,'2018-12-27 00:37:21','42','5','24',13),(5650,'2018-12-27 00:37:31','42','4','24',13),(5651,'2018-12-27 00:38:04','42','4','24',13),(5652,'2018-12-27 00:38:14','41','4','24',13),(5653,'2018-12-27 00:38:28','41','4','24',13),(5654,'2018-12-27 00:38:39','41','5','24',13),(5655,'2018-12-27 00:38:56','40','5','24',13),(5656,'2018-12-27 00:38:56','40','5','24',13),(5657,'2018-12-27 00:39:08','40','4','24',13),(5658,'2018-12-27 00:39:18','41','5','24',13),(5659,'2018-12-27 00:39:29','40','5','24',13),(5660,'2018-12-27 00:39:38','40','5','24',13),(5661,'2018-12-27 00:39:49','40','5','24',13),(5662,'2018-12-27 00:40:09','40','5','24',13),(5663,'2018-12-27 00:40:20','41','5','24',13),(5664,'2018-12-27 00:40:20','41','5','24',13),(5665,'2018-12-27 00:40:31','42','5','24',13),(5666,'2018-12-27 00:40:51','41','5','24',13),(5667,'2018-12-27 00:40:56','42','5','24',13),(5668,'2018-12-27 00:41:03','43','5','24',13),(5669,'2018-12-27 00:41:13','43','5','24',13),(5670,'2018-12-27 00:41:33','42','5','24',13),(5671,'2018-12-27 00:41:44','43','5','24',13),(5672,'2018-12-27 00:41:46','44','5','24',13),(5673,'2018-12-27 00:41:55','44','5','24',13),(5674,'2018-12-27 00:42:15','44','5','24',13),(5675,'2018-12-27 00:42:26','44','4','24',13),(5676,'2018-12-27 00:42:28','43','4','24',13),(5677,'2018-12-27 00:42:37','43','5','24',13),(5678,'2018-12-27 00:42:48','43','5','24',13),(5679,'2018-12-27 00:43:04','43','5','24',13),(5680,'2018-12-27 00:43:10','43','5','24',13),(5681,'2018-12-27 00:43:19','43','5','24',13),(5682,'2018-12-27 00:43:30','44','5','24',13),(5683,'2018-12-27 00:43:44','43','4','24',13),(5684,'2018-12-27 00:43:55','43','5','24',13),(5685,'2018-12-27 00:44:11','42','5','24',13),(5686,'2018-12-27 00:44:12','43','5','24',13),(5687,'2018-12-27 00:44:23','42','5','24',13),(5688,'2018-12-27 00:44:34','43','5','24',13),(5689,'2018-12-27 00:44:54','43','5','24',13),(5690,'2018-12-27 00:44:54','43','5','24',13),(5691,'2018-12-27 00:45:05','43','4','24',13),(5692,'2018-12-27 00:45:16','42','5','24',13),(5693,'2018-12-27 00:45:27','42','4','24',13),(5694,'2018-12-27 00:45:36','42','5','24',13),(5695,'2018-12-27 00:45:47','41','5','24',13),(5696,'2018-12-27 00:46:03','43','5','24',13),(5697,'2018-12-27 00:46:09','43','4','24',13),(5698,'2018-12-27 00:46:18','43','4','24',13),(5699,'2018-12-27 00:46:29','42','4','24',13),(5700,'2018-12-27 00:46:49','41','5','24',13),(5701,'2018-12-27 00:46:54','41','5','24',13),(5702,'2018-12-27 00:47:10','41','4','24',13),(5703,'2018-12-27 00:47:11','40','4','24',13),(5704,'2018-12-27 00:47:21','42','5','24',13),(5705,'2018-12-27 00:47:33','41','5','24',13),(5706,'2018-12-27 00:47:44','40','5','24',13),(5707,'2018-12-27 00:47:53','40','4','24',13),(5708,'2018-12-27 00:48:03','40','5','24',13),(5709,'2018-12-27 00:48:18','40','4','24',13),(5710,'2018-12-27 00:48:28','40','3','24',13),(5711,'2018-12-27 00:48:35','40','3','24',13),(5712,'2018-12-27 00:48:46','40','3','24',13),(5713,'2018-12-27 00:48:58','40','3','24',13),(5714,'2018-12-27 00:49:08','40','5','24',13),(5715,'2018-12-27 00:49:18','40','4','24',13),(5716,'2018-12-27 00:49:28','41','5','24',13),(5717,'2018-12-27 00:49:38','41','5','24',13),(5718,'2018-12-27 00:49:50','40','5','24',13),(5719,'2018-12-27 00:50:09','40','4','24',13),(5720,'2018-12-27 00:50:10','42','4','24',13),(5721,'2018-12-27 00:50:20','42','5','24',13),(5722,'2018-12-27 00:50:32','41','5','24',13),(5723,'2018-12-27 00:50:46','40','4','24',13),(5724,'2018-12-27 00:50:52','41','4','24',13),(5725,'2018-12-27 00:51:02','40','5','24',13),(5726,'2018-12-27 00:51:17','41','4','24',13),(5727,'2018-12-27 00:51:27','41','4','24',13),(5728,'2018-12-27 00:51:35','42','5','24',13),(5729,'2018-12-27 00:51:44','43','5','24',13),(5730,'2018-12-27 00:51:55','42','4','24',13),(5731,'2018-12-27 00:52:08','43','5','24',13),(5732,'2018-12-27 00:52:20','43','5','24',13),(5733,'2018-12-27 00:52:27','43','4','24',13),(5734,'2018-12-27 00:52:37','43','5','24',13),(5735,'2018-12-27 00:52:57','44','4','24',13),(5736,'2018-12-27 00:53:00','43','4','24',13),(5737,'2018-12-27 00:53:09','43','5','24',13),(5738,'2018-12-27 00:53:19','43','4','24',13),(5739,'2018-12-27 00:53:31','42','5','24',13),(5740,'2018-12-27 00:53:41','41','5','24',13),(5741,'2018-12-27 00:53:52','42','5','24',13),(5742,'2018-12-27 00:54:01','41','5','24',13),(5743,'2018-12-27 00:54:12','41','5','24',13),(5744,'2018-12-27 00:54:45','40','5','24',13),(5745,'2018-12-27 00:54:54','40','4','24',13),(5746,'2018-12-27 00:55:05','39','4','24',13),(5747,'2018-12-27 00:55:16','40','5','24',13),(5748,'2018-12-27 00:55:18','41','5','24',13),(5749,'2018-12-27 00:55:21','41','5','24',13),(5750,'2018-12-27 00:55:23','41','5','24',13),(5751,'2018-12-27 00:55:25','41','5','24',13),(5752,'2018-12-27 00:55:27','41','5','24',13),(5753,'2018-12-27 00:55:38','41','5','24',13),(5754,'2018-12-27 00:55:38','41','5','24',13),(5755,'2018-12-27 00:55:38','41','6','24',13),(5756,'2018-12-27 00:55:38','41','4','24',13),(5757,'2018-12-27 00:55:45','41','4','24',13);
/*!40000 ALTER TABLE `sensordata` ENABLE KEYS */;
UNLOCK TABLES;

--
-- Table structure for table `user`
--

DROP TABLE IF EXISTS `user`;
/*!40101 SET @saved_cs_client     = @@character_set_client */;
 SET character_set_client = utf8mb4 ;
CREATE TABLE `user` (
  `id` bigint(20) NOT NULL,
  `active` bit(1) DEFAULT NULL,
  `email` varchar(255) DEFAULT NULL,
  `name` varchar(255) DEFAULT NULL,
  `pass` varchar(255) DEFAULT NULL,
  `surn` varchar(255) DEFAULT NULL,
  PRIMARY KEY (`id`)
) ENGINE=MyISAM DEFAULT CHARSET=utf8;
/*!40101 SET character_set_client = @saved_cs_client */;

--
-- Dumping data for table `user`
--

LOCK TABLES `user` WRITE;
/*!40000 ALTER TABLE `user` DISABLE KEYS */;
INSERT INTO `user` VALUES (1,_binary '','admin@admin.com','adminName','12345','ad'),(2,_binary '','user@user.com','userName','12345','us');
/*!40000 ALTER TABLE `user` ENABLE KEYS */;
UNLOCK TABLES;

--
-- Table structure for table `user_role`
--

DROP TABLE IF EXISTS `user_role`;
/*!40101 SET @saved_cs_client     = @@character_set_client */;
 SET character_set_client = utf8mb4 ;
CREATE TABLE `user_role` (
  `user_id` bigint(20) NOT NULL,
  `roles` varchar(255) DEFAULT NULL,
  KEY `FK859n2jvi8ivhui0rl0esws6o` (`user_id`)
) ENGINE=MyISAM DEFAULT CHARSET=utf8;
/*!40101 SET character_set_client = @saved_cs_client */;

--
-- Dumping data for table `user_role`
--

LOCK TABLES `user_role` WRITE;
/*!40000 ALTER TABLE `user_role` DISABLE KEYS */;
INSERT INTO `user_role` VALUES (1,'USER'),(2,'USER'),(1,'ADMIN');
/*!40000 ALTER TABLE `user_role` ENABLE KEYS */;
UNLOCK TABLES;

--
-- Table structure for table `weather`
--

DROP TABLE IF EXISTS `weather`;
/*!40101 SET @saved_cs_client     = @@character_set_client */;
 SET character_set_client = utf8mb4 ;
CREATE TABLE `weather` (
  `id` bigint(20) NOT NULL,
  `city` varchar(255) DEFAULT NULL,
  `cloud` varchar(255) DEFAULT NULL,
  `country` varchar(255) DEFAULT NULL,
  `description` varchar(255) DEFAULT NULL,
  `humidity` varchar(255) DEFAULT NULL,
  `latitude` varchar(255) DEFAULT NULL,
  `longitude` varchar(255) DEFAULT NULL,
  `main` varchar(255) DEFAULT NULL,
  `sunrise` datetime DEFAULT NULL,
  `sunset` datetime DEFAULT NULL,
  `temp` varchar(255) DEFAULT NULL,
  `temp_max` varchar(255) DEFAULT NULL,
  `temp_min` varchar(255) DEFAULT NULL,
  `wind_deg` varchar(255) DEFAULT NULL,
  `wind_speed` varchar(255) DEFAULT NULL,
  PRIMARY KEY (`id`)
) ENGINE=MyISAM DEFAULT CHARSET=utf8;
/*!40101 SET character_set_client = @saved_cs_client */;

--
-- Dumping data for table `weather`
--

LOCK TABLES `weather` WRITE;
/*!40000 ALTER TABLE `weather` DISABLE KEYS */;
/*!40000 ALTER TABLE `weather` ENABLE KEYS */;
UNLOCK TABLES;
/*!40103 SET TIME_ZONE=@OLD_TIME_ZONE */;

/*!40101 SET SQL_MODE=@OLD_SQL_MODE */;
/*!40014 SET FOREIGN_KEY_CHECKS=@OLD_FOREIGN_KEY_CHECKS */;
/*!40014 SET UNIQUE_CHECKS=@OLD_UNIQUE_CHECKS */;
/*!40101 SET CHARACTER_SET_CLIENT=@OLD_CHARACTER_SET_CLIENT */;
/*!40101 SET CHARACTER_SET_RESULTS=@OLD_CHARACTER_SET_RESULTS */;
/*!40101 SET COLLATION_CONNECTION=@OLD_COLLATION_CONNECTION */;
/*!40111 SET SQL_NOTES=@OLD_SQL_NOTES */;

-- Dump completed on 2019-01-19 18:24:07
